Submission id,Participant id,Status,Started at,Completed at,Reviewed at,Archived at,Time taken,Completion code,Total approvals,Fluent languages,Age,Sex,Ethnicity simplified,Country of birth,Country of residence,Nationality,Language,Student status,Employment status
645a4c5a46c6e8bd4348748d,5d793a152df8ed001645ed7f,APPROVED,2023-05-09T13:36:35.339000Z,2023-05-09T13:56:59.382000Z,2023-05-09T15:54:33.288000,2023-05-09T13:57:59.354155Z,1225,error,416,English,41,Female,White,United States,United States,United States,English,DATA_EXPIRED,DATA_EXPIRED
645a4e493566b646c93de231,5731e4005b8b06000f7e36b3,APPROVED,2023-05-09T13:44:46.880000Z,2023-05-09T16:01:13.878000Z,2023-05-09T16:01:17.068000Z,,8187,Manual Completion,1428,English,49,Male,Other,United States,United States,United States,English,No,DATA_EXPIRED
645a4e8066d382afb4cedc9e,5bd6656a669ee1000145304a,APPROVED,2023-05-09T13:45:41.440000Z,2023-05-09T14:08:09.803000Z,2023-05-09T15:37:46.295000,2023-05-09T14:08:10.529821Z,1349,NOCODE,345,English,28,Male,White,United States,United States,United States,English,No,Part-Time
645a4eff28847d3c77e3d4ac,63d4d6434407b2b392e65863,APPROVED,2023-05-09T13:49:43.820000Z,2023-05-09T16:04:51.156000Z,2023-05-09T16:04:52.414000Z,,8108,Manual Completion,29,English,30,Male,White,United States,United States,United States,English,No,DATA_EXPIRED
645a4f6c404924ae3aef6c92,56a3d5f951212a000d64c2b9,APPROVED,2023-05-09T13:49:37.334000Z,2023-05-09T14:11:01.741000Z,2023-05-09T15:54:35.309000,2023-05-09T14:11:03.035095Z,1285,NOCODE,650,English,49,Male,Mixed,United States,United States,United States,English,DATA_EXPIRED,DATA_EXPIRED
645a4f7ecad5f7c310739e49,5aeab16d0335e200019eae75,APPROVED,2023-05-09T13:57:13.070000Z,2023-05-09T14:21:09.316000Z,2023-05-09T15:45:04.064000,2023-05-09T14:21:09.954438Z,1437,NOCODE,386,English,32,Male,White,United States,United States,United States,English,No,Full-Time
645a4f9b19a157440b77cf69,60f5dc6cba19bf6145b8c921,APPROVED,2023-05-09T13:50:25.141000Z,2023-05-09T14:06:42.412000Z,2023-05-09T14:42:45.208000,2023-05-09T14:06:43.306348Z,978,NOCODE,1039,English,43,Female,White,United States,United States,United States,English,DATA_EXPIRED,"Not in paid work (e.g. homemaker', 'retired or disabled)"
645a4fcca0b33d87d31341f9,5c49d511cdb1b7000103af85,APPROVED,2023-05-09T13:54:25.478000Z,2023-05-09T14:21:45.798000Z,2023-05-09T16:07:01.056000Z,2023-05-09T14:21:46.520000Z,1641,NOCODE,113,English,59,Female,White,United States,United States,United States,English,DATA_EXPIRED,DATA_EXPIRED
645a506d91ab7ec74d51fb05,5be2beac398f560001a58df7,APPROVED,2023-05-09T13:53:59.539000Z,2023-05-09T14:23:09.253000Z,2023-05-09T15:44:58.948000,2023-05-09T14:23:11.871529Z,1750,NOCODE,2529,English,58,Male,White,United States,United States,United States,English,No,Full-Time
645a511c10db9cd9b18c03ed,60fcfde8842d3a8a5a139726,APPROVED,2023-05-09T13:56:49.270000Z,2023-05-09T14:18:33.373000Z,2023-05-09T15:45:01.602000,2023-05-09T14:18:34.043247Z,1305,NOCODE,1076,"Spanish, English",24,Female,Other,United States,United States,United States,Spanish,Yes,Full-Time
645a512136ca4a8c691013d4,5ff38b5a46872e981d2f7bb2,APPROVED,2023-05-09T13:58:29.794000Z,2023-05-09T14:30:01.698000Z,2023-05-09T15:11:52.326000,2023-05-09T14:30:03.261633Z,1892,NOCODE,1820,English,29,Male,White,United States,United States,United States,English,DATA_EXPIRED,Part-Time
645aa08d9ed57ddc85336673,595727bd7c76640001aa8f6e,APPROVED,2023-05-09T19:36:02.033000Z,2023-05-09T20:02:43.375000Z,2023-05-10T16:36:16.363000,2023-05-09T20:02:44.308495Z,1602,NOCODE,40,English,23,Female,Mixed,United States,United States,United States,English,No,Part-Time
645aa19f3e5815cee373f720,5a95fee189de8200013eddd4,APPROVED,2023-05-09T19:40:35.577000Z,2023-05-09T20:14:24.488000Z,2023-05-10T16:53:30.302000,2023-05-09T20:14:25.400789Z,2029,NOCODE,1084,English,41,Female,White,United States,United States,United States,English,No,Part-Time
645aa366b19ded41c881bbd5,5ec97fd040ce7448f367784b,APPROVED,2023-05-09T19:47:57.607000Z,2023-05-09T20:03:08.775000Z,2023-05-10T16:38:26.164000,2023-05-09T20:03:09.398124Z,912,no,798,"English, Romanian",51,Male,White,Romania,United States,United States,Romanian,DATA_EXPIRED,DATA_EXPIRED
645aa4c96face6201a396a06,633fd06a2224400c957c8ef7,APPROVED,2023-05-09T19:53:53.841000Z,2023-05-09T20:32:27.527000Z,2023-05-10T16:36:41.141000,2023-05-09T20:32:28.614142Z,2314,NOCODE,358,English,26,Male,White,United States,United States,United States,English,DATA_EXPIRED,DATA_EXPIRED
645aa64e9c72ef1239240d97,63b74544b789eed26e5670dc,APPROVED,2023-05-09T20:00:23.554000Z,2023-05-09T20:18:53.951000Z,2023-05-10T17:02:38.648000,2023-05-09T20:18:54.640482Z,1111,NOCODE,111,English,21,Female,White,United States,United States,United States,English,Yes,Part-Time
645aa66c5085c8bdd4ae6245,6115d535dbd6948950e5441a,RETURNED,2023-05-09T20:00:53.310000Z,2023-05-09T20:22:46.419000Z,,2023-05-09T20:22:48.170000Z,,NOCODE,1018,CONSENT_REVOKED,CONSENT_REVOKED,CONSENT_REVOKED,CONSENT_REVOKED,CONSENT_REVOKED,CONSENT_REVOKED,CONSENT_REVOKED,CONSENT_REVOKED,CONSENT_REVOKED,CONSENT_REVOKED
645aa69214b31bcab1a62ee5,5d28ec37d7d4940015e62beb,APPROVED,2023-05-09T20:01:26.800000Z,2023-05-09T20:21:50.706000Z,2023-05-10T17:01:01.292000,2023-05-09T20:21:51.403649Z,1224,NOCODE,2071,English,34,Male,White,United States,United States,United States,English,No,DATA_EXPIRED
645aa6a30abf7a589fbaee72,60bac4eb11e08e852fd030ab,APPROVED,2023-05-09T20:01:43.996000Z,2023-05-09T20:28:20.943000Z,2023-05-10T17:02:43.677000,2023-05-09T20:28:32.682962Z,1597,NOCODE,1124,English,67,Female,White,United States,United States,United States,English,DATA_EXPIRED,DATA_EXPIRED
645aa6abc6c1fc2c8053a64f,5d7c49ec90d1320001d7cbc7,APPROVED,2023-05-09T20:02:25.432000Z,2023-05-10T16:34:41.416000Z,2023-05-10T16:34:41.852000Z,,73936,Manual Completion,883,English,37,Male,White,United States,United States,United States,English,DATA_EXPIRED,DATA_EXPIRED
645aa6c1c6c1fc2c8053a657,5e25ab331c55ad7f7e8829e1,APPROVED,2023-05-09T20:02:20.066000Z,2023-05-09T20:33:35.413000Z,2023-05-10T17:01:06.275000,2023-05-09T20:34:00.395528Z,1876,NOCODE,377,English,34,Male,Mixed,United States,United States,United States,English,No,Full-Time
645aa6e5ec9040e7b8d8941f,61007fcba727114e471e0b78,APPROVED,2023-05-09T20:02:50.718000Z,2023-05-09T20:31:09.363000Z,2023-05-10T17:02:39.682000,2023-05-09T20:31:10.060783Z,1699,NOCODE,49,"English, Spanish",20,Male,White,United States,United States,United States,Spanish,Yes,DATA_EXPIRED
645aa6efef207ae6e7ae61f0,63d413bee28d5ec9cbe8ac58,APPROVED,2023-05-09T20:03:00.180000Z,2023-05-09T20:37:20.977000Z,2023-05-10T17:01:11.288000,2023-05-09T20:37:22.077387Z,2061,NOCODE,314,English,20,Male,Other,United States,United States,United States,English,No,Other
645aa6f462418c9bed9a38ba,62963dcc7beb938157b706ed,APPROVED,2023-05-09T20:03:04.067000Z,2023-05-09T20:33:14.256000Z,2023-05-10T16:53:35.043000,2023-05-09T20:33:25.746887Z,1811,NOCODE,706,"English, Spanish",27,Male,White,United States,United States,United States,English,No,Full-Time
645aa792a8422560ec6761c0,5fc448edefc38a760096bb00,APPROVED,2023-05-09T20:05:43.405000Z,2023-05-09T20:28:20.746000Z,2023-05-10T16:53:40.066000,2023-05-09T20:28:38.857666Z,1358,NOCODE,424,English,36,Female,White,United States,United States,United States,English,No,Full-Time
645bdbab1b5e786ae1437c78,5e064785e297d502d4f2b15f,APPROVED,2023-05-10T18:00:17.717000Z,2023-05-10T18:24:04.840000Z,2023-05-10T18:24:06.199000,2023-05-10T18:24:06.083386Z,1428,CJ5RNK30,2290,English,45,Female,White,United States,United States,United States,English,DATA_EXPIRED,DATA_EXPIRED
645bdbb61b5e786ae1437c7a,5cd21eb94174960001cf8aaf,APPROVED,2023-05-10T18:00:28.616000Z,2023-05-10T18:20:29.045000Z,2023-05-10T18:20:30.758000,2023-05-10T18:20:30.667036Z,1201,CJ5RNK30,356,English,52,Male,White,United States,United States,United States,English,No,Full-Time
645bde084b108428036c1927,60d38bc77bf91667dce30e64,APPROVED,2023-05-10T18:10:22.006000Z,2023-05-10T18:29:27.958000Z,2023-05-11T14:46:02.128000,2023-05-10T18:29:28.656496Z,1146,NOCODE,1325,English,46,Male,White,United States,United States,United States,English,No,Full-Time
645bde408e7c014eb14a256a,609122350e5b8e743ab41f79,APPROVED,2023-05-10T18:11:17.171000Z,2023-05-10T18:33:58.565000Z,2023-05-11T14:37:18.613000,2023-05-10T18:33:59.167958Z,1362,NOCODE,2283,English,40,Female,White,United States,United States,United States,English,No,"Not in paid work (e.g. homemaker', 'retired or disabled)"
645bdec60a5b2e78dac38269,59278c090220760001fda664,APPROVED,2023-05-10T18:13:39.682000Z,2023-05-10T18:36:37.736000Z,2023-05-11T14:36:09.929000,2023-05-10T18:36:38.658869Z,1379,NOCODE,391,English,25,Female,White,United States,United States,United States,English,No,"Not in paid work (e.g. homemaker', 'retired or disabled)"
645bdece9b944ed1775c2db7,5f47fd5a30f69f26b1dc80fd,APPROVED,2023-05-10T18:13:43.375000Z,2023-05-10T18:45:41.791000Z,2023-05-10T18:45:43.155000,2023-05-10T18:45:43.013152Z,1919,CJ5RNK30,945,English,59,Male,White,United States,United States,United States,English,DATA_EXPIRED,DATA_EXPIRED
645bdf0b384b56a9c78f1087,5858b2ca83a02d0001e38fd2,APPROVED,2023-05-10T18:14:38.014000Z,2023-05-10T18:42:12.370000Z,2023-05-10T18:42:13.309000,2023-05-10T18:42:13.173752Z,1655,C3E2LD8X,2649,English,44,Male,White,United States,United States,United States,English,No,DATA_EXPIRED
645bdf235196b3d4b5508bba,614e0c53139a2a838010794c,APPROVED,2023-05-10T18:15:04.373000Z,2023-05-10T18:39:47.941000Z,2023-05-11T14:36:44.441000,2023-05-10T18:39:48.672312Z,1484,NOCODE,275,English,25,Female,White,United States,United States,United States,English,DATA_EXPIRED,DATA_EXPIRED
645be072eb3a53c896b812e8,61033fc15ac7c1264636395a,APPROVED,2023-05-10T18:20:37.822000Z,2023-05-10T18:37:40.954000Z,2023-05-10T18:37:43.359000,2023-05-10T18:37:43.251536Z,1024,C1ISGV6W,372,English,30,Female,Mixed,United States,United States,United States,English,No,Full-Time
645be116d8168f4bef6283c4,5c21923289f03500017369fd,APPROVED,2023-05-10T18:23:21.688000Z,2023-05-10T18:52:34.828000Z,2023-05-10T18:52:35.738000,2023-05-10T18:52:35.628178Z,1754,CJ5RNK30,852,English,58,Male,White,United States,United States,United States,English,No,"Not in paid work (e.g. homemaker', 'retired or disabled)"
645be15fd54b9818de80ef4b,610038371297afd6f2db9323,APPROVED,2023-05-10T18:24:47.482000Z,2023-05-10T18:44:39.863000Z,2023-05-10T18:44:40.970000,2023-05-10T18:44:40.798058Z,1193,CJ5RNK30,828,English,23,Female,White,United States,United States,United States,English,No,Unemployed (and job seeking)
645be1bf25cde71dabeaa1b4,629642bfde2bf56c1ec2a420,APPROVED,2023-05-10T18:26:12.695000Z,2023-05-10T18:59:32.956000Z,2023-05-10T18:59:36.454000,2023-05-10T18:59:36.327189Z,2001,C3E2LD8X,1508,English,37,Female,White,United States,United States,United States,English,No,Other
645be1c48d111ebe5f92177c,61057d03e42ef519f98f4e6d,APPROVED,2023-05-10T18:26:56.373000Z,2023-05-10T18:48:54.454000Z,2023-05-11T14:48:53.495000,2023-05-10T18:48:55.068095Z,1319,NOCODE,69,English,22,Female,White,United States,United States,United States,English,Yes,DATA_EXPIRED
645be1ec9fe3102bc78ebe4c,63619eb02e5bd8f4f7bd138a,APPROVED,2023-05-10T18:28:15.587000Z,2023-05-10T19:00:00.833000Z,2023-05-10T19:00:03.368000,2023-05-10T19:00:03.257514Z,1906,CJ5RNK30,352,English,26,Male,White,United States,United States,United States,English,DATA_EXPIRED,Other
645be2097f7c077b0f9c309d,5fc880e2e2e6de210e008e1b,APPROVED,2023-05-10T18:27:30.081000Z,2023-05-10T18:55:54.087000Z,2023-05-10T18:55:56.739000,2023-05-10T18:55:56.618390Z,1705,CJ5RNK30,235,"English, Spanish",21,Female,Black,United States,United States,United States,English,Yes,DATA_EXPIRED
645be27677abafdaf2a2d342,63f77ab51428a164ec2edbab,APPROVED,2023-05-10T18:29:16.667000Z,2023-05-10T18:45:38.442000Z,2023-05-10T18:45:41.038000,2023-05-10T18:45:40.928770Z,982,C3E2LD8X,248,"English, French",19,Male,Asian,United States,United States,United States,English,Yes,DATA_EXPIRED
645be308374f9c780dab8f95,5b824fb6cc06660001a302d4,APPROVED,2023-05-10T18:31:47.392000Z,2023-05-10T19:01:16.077000Z,2023-05-10T19:01:18.756000,2023-05-10T19:01:18.628542Z,1769,CJ5RNK30,2271,English,52,Female,White,United States,United States,United States,English,No,Full-Time
645be3420605003013dd49e3,60fdf772d2da3179e8c08ad2,APPROVED,2023-05-10T18:32:44.376000Z,2023-05-10T19:07:56.336000Z,2023-05-11T16:33:05.484000,2023-05-10T19:07:57.017636Z,2112,NOCODE,520,English,35,Female,White,United States,United States,United States,English,No,Unemployed (and job seeking)
645be355d35c387227e99430,5dcc27974b54778b69e62ec5,APPROVED,2023-05-10T18:33:04.137000Z,2023-05-10T18:50:11.444000Z,2023-05-10T18:50:12.240000,2023-05-10T18:50:12.134549Z,1028,CJ5RNK30,3297,English,47,Female,White,United States,United States,United States,English,No,Full-Time
645be355fedf25b0de20999e,5f1e20e5499c5d7c27d24658,APPROVED,2023-05-10T18:33:10.983000Z,2023-05-10T18:53:11.510000Z,2023-05-10T18:53:12.729000,2023-05-10T18:53:12.613974Z,1201,C1ISGV6W,31,English,28,Female,White,United States,United States,United States,English,No,DATA_EXPIRED
645be35e8075799305bfe006,613d3cb06964f7c524a78ed0,APPROVED,2023-05-10T18:33:08.332000Z,2023-05-10T19:06:49.250000Z,2023-05-11T16:33:10.581000,2023-05-10T19:06:50.041992Z,2021,NOCODE,1290,English,52,Female,Black,United States,United States,United States,English,No,Part-Time
645be361fb529324da30e4a8,628fb4c3880a08418cedd2d2,APPROVED,2023-05-10T18:33:09.409000Z,2023-05-10T19:39:23.277000Z,2023-05-10T19:39:25.866000,2023-05-10T19:39:25.742657Z,3974,C3E2LD8X,390,"English, Twi, Other",47,Male,Black,Ghana,United States,United States,English,DATA_EXPIRED,DATA_EXPIRED
645be3760731be75eb628392,607eafaf008af56a5a3ba462,APPROVED,2023-05-10T18:33:34.302000Z,2023-05-10T19:19:42.272000Z,2023-05-11T14:26:19.399000,2023-05-10T19:19:44.293135Z,2768,NOCODE,1113,"Twi, English",33,Male,Black,Ghana,United States,United States,English,DATA_EXPIRED,DATA_EXPIRED
645be376bf2e9eaabdce939d,5f91b65535039c06ac6e53fb,AWAITING REVIEW,2023-05-10T18:33:33.899000Z,2023-05-10T19:05:52.584000Z,,2023-05-10T19:05:53.745036Z,1939,NOCODE,363,English,21,Female,White,United States,United States,United States,English,DATA_EXPIRED,DATA_EXPIRED
645be38b28e61584c04f25b2,60e5eceb989f38c746723024,APPROVED,2023-05-10T18:38:38.707000Z,2023-05-10T19:02:33.699000Z,2023-05-10T19:02:38.320000,2023-05-10T19:02:35.419686Z,1435,C3E2LD8X,3138,English,41,Male,White,United States,United States,United States,English,No,Full-Time
645be394ac6c4819708b8d69,62c43f3dc521456f7320356f,APPROVED,2023-05-10T18:34:01.099000Z,2023-05-10T19:56:54.217000Z,2023-05-10T19:56:55.633000,2023-05-10T19:56:55.511329Z,4974,C1ISGV6W,267,English,32,Male,Black,United States,United States,United States,English,DATA_EXPIRED,DATA_EXPIRED
645be3bc5c518c60aad00def,63150b2e1cfa995c03244696,APPROVED,2023-05-10T18:34:40.663000Z,2023-05-10T18:52:40.043000Z,2023-05-10T18:52:43.495000,2023-05-10T18:52:40.791583Z,1080,CJ5RNK30,1053,"Chinese, English",29,Male,Asian,United States,United States,United States,Chinese,DATA_EXPIRED,DATA_EXPIRED
645be3c797d417a85441cddc,60045900ccb68e4bdd23111e,APPROVED,2023-05-10T18:34:53.124000Z,2023-05-10T18:57:24.466000Z,2023-05-10T18:57:32.804000,2023-05-10T18:57:29.566047Z,1352,CJ5RNK30,1476,English,52,Female,White,United States,United States,United States,English,No,Full-Time
645be3e189c55d22062099de,5de9938dad51830cad0ea9f9,APPROVED,2023-05-10T18:35:25.335000Z,2023-05-10T19:02:40.574000Z,2023-05-10T19:02:43.525000,2023-05-10T19:02:43.425340Z,1636,CJ5RNK30,135,English,26,Male,Black,United States,United States,United States,English,Yes,DATA_EXPIRED
645be406ce094102f28b8dba,615de65ccc6b16aac18a20d8,APPROVED,2023-05-10T18:35:54.404000Z,2023-05-10T18:58:26.860000Z,2023-05-10T18:58:28.840000,2023-05-10T18:58:28.680874Z,1353,C3E2LD8X,370,English,46,Female,White,United States,United States,United States,English,DATA_EXPIRED,DATA_EXPIRED
645be4223ba1d33bb36c1926,63ebbd7af1c80715178e5586,APPROVED,2023-05-10T18:36:27.855000Z,2023-05-10T19:17:03.034000Z,2023-05-10T19:17:05.875000,2023-05-10T19:17:05.746613Z,2436,CJ5RNK30,64,English,30,Male,White,United States,United States,United States,English,No,Full-Time
645be4451ad1e28ae1f7114a,63617d69f2a3425296c8d89e,APPROVED,2023-05-10T18:36:59.468000Z,2023-05-10T19:58:55.767000Z,2023-05-11T14:26:00.374000,2023-05-10T19:58:58.133740Z,4917,NOCODE,102,English,35,Male,Black,United States,United States,United States,English,Yes,Full-Time
645be44a3e0aa30e8c18e6f9,5e3360a4499e7932901951cb,APPROVED,2023-05-10T18:37:16.885000Z,2023-05-10T19:00:33.456000Z,2023-05-10T19:00:34.188000,2023-05-10T19:00:34.058767Z,1397,CJ5RNK30,717,English,37,Male,White,United States,United States,United States,English,No,"Not in paid work (e.g. homemaker', 'retired or disabled)"
645be44bb0ed7d96e01998d8,63782709326973c77adc3db8,APPROVED,2023-05-10T18:37:08.331000Z,2023-05-10T19:11:27.150000Z,2023-05-10T19:11:31.867000,2023-05-10T19:11:31.763548Z,2059,C1ISGV6W,734,"English, Spanish",65,Female,White,United States,United States,United States,English,No,Part-Time
645be46581d10c12c7860b80,6365ab361b71daa9f0eed7bd,APPROVED,2023-05-10T18:37:29.747000Z,2023-05-10T19:57:02.705000Z,2023-05-11T14:26:00.605000,2023-05-10T19:57:04.013877Z,4773,NOCODE,131,English,37,Male,Black,United States,United States,United States,English,Yes,Full-Time
645be476bb36d516dff328c2,5fa315662ca5b25d05ae8236,APPROVED,2023-05-10T18:37:49.559000Z,2023-05-10T19:01:52.823000Z,2023-05-10T19:01:59.451000,2023-05-10T19:01:54.310944Z,1444,CJ5RNK30,918,English,51,Female,White,United States,United States,United States,English,No,DATA_EXPIRED
645be47d8ed86f9af854801b,60fddc61782d31b27035c833,APPROVED,2023-05-10T18:37:58.604000Z,2023-05-10T18:57:22.650000Z,2023-05-10T18:57:23.416000Z,2023-05-10T18:57:23.733507Z,1165,C1ISGV6W,1940,English,24,Female,White,United States,United States,United States,English,No,Full-Time
645be4b4545999dd1ddd49a0,5e647c63c9f0751fc59aba6f,APPROVED,2023-05-10T18:38:51.807000Z,2023-05-10T19:01:12.570000Z,2023-05-10T19:01:13.926000,2023-05-10T19:01:13.812445Z,1341,C3E2LD8X,138,English,39,Female,Black,United States,United States,United States,English,DATA_EXPIRED,DATA_EXPIRED
645be4b61a8c1051636ca5de,5c4d5328889752000156a11d,APPROVED,2023-05-10T18:47:40.948000Z,2023-05-10T19:25:11.161000Z,2023-05-10T19:25:16.949000,2023-05-10T19:25:14.896771Z,2251,CJ5RNK30,2673,English,51,Male,White,United States,United States,United States,English,DATA_EXPIRED,DATA_EXPIRED
645be4cc7790cc594ba2d32a,6110d72aa69d55efca97d465,APPROVED,2023-05-10T18:39:13.274000Z,2023-05-10T18:58:09.514000Z,2023-05-10T18:58:10.429000,2023-05-10T18:58:10.296337Z,1137,C3E2LD8X,657,"Armenian, English, French",23,Female,White,United States,United States,United States,English,DATA_EXPIRED,DATA_EXPIRED
645be4db558a3746b9cb9bd6,59b2d1e1773f41000148789e,APPROVED,2023-05-10T18:39:27.362000Z,2023-05-10T18:54:32.497000Z,2023-05-10T18:54:34.841000,2023-05-10T18:54:34.687977Z,906,C1ISGV6W,1801,English,38,Female,White,United States,United States,United States,English,No,Unemployed (and job seeking)
645be4f854040dacd2ce936a,5d19aa93b3e6980001ea92ab,APPROVED,2023-05-10T18:39:57.324000Z,2023-05-10T19:03:44.544000Z,2023-05-10T19:03:45.299000,2023-05-10T19:03:45.198762Z,1428,CJ5RNK30,70,English,22,Female,Asian,United States,United States,United States,Vietnamese,Yes,"Not in paid work (e.g. homemaker', 'retired or disabled)"
645be4fe949df1dcbab173fc,6388fabfdce4b259e37e9495,APPROVED,2023-05-10T18:40:16.333000Z,2023-05-10T19:07:26.639000Z,2023-05-10T19:07:27.775000,2023-05-10T19:07:27.662431Z,1631,CJ5RNK30,367,"English, Spanish",65,Female,White,United States,United States,United States,English,No,Part-Time
645be51381d10c12c7860b9f,602451f15e338c12534710d0,APPROVED,2023-05-10T18:41:41.867000Z,2023-05-10T19:05:47.526000Z,2023-05-11T16:33:15.660000,2023-05-10T19:05:49.033574Z,1446,NOCODE,1245,English,24,Female,White,United States,United States,United States,English,Yes,Part-Time
645be5549d5d08199f41cddd,63d96d5957cdd8a417721253,APPROVED,2023-05-10T18:41:37.465000Z,2023-05-10T19:02:40.929000Z,2023-05-10T19:02:42.451000,2023-05-10T19:02:42.346192Z,1264,CJ5RNK30,233,English,37,Male,White,United States,United States,United States,English,No,Full-Time
645be5852b2807bbb7834079,63effbb357025439ef9f8843,APPROVED,2023-05-10T18:42:17.809000Z,2023-05-10T19:08:15.169000Z,2023-05-10T19:08:17.877000,2023-05-10T19:08:16.101452Z,1558,C3E2LD8X,132,English,23,Male,White,United States,United States,United States,English,No,DATA_EXPIRED
645be5908c80c4ee0a951f54,5b1946322767e20001e4e23d,APPROVED,2023-05-10T18:42:32.651000Z,2023-05-10T18:57:29.619000Z,2023-05-10T18:57:36.283000,2023-05-10T18:57:31.120866Z,897,C1ISGV6W,122,English,28,Female,White,United States,United States,United States,English,No,Full-Time
645be5939db3f34f84261d66,63ced19b7422296653437e30,APPROVED,2023-05-10T18:42:37.095000Z,2023-05-10T18:57:53.782000Z,2023-05-11T14:47:28.737000,2023-05-10T18:57:54.656969Z,917,NOCODE,706,"English, Spanish",34,Male,White,United States,United States,United States,English,No,Full-Time
645be598a80237b01c11ab28,6109dc13ff3d4be24267e74d,APPROVED,2023-05-10T18:42:35.648000Z,2023-05-10T19:05:22.509000Z,2023-05-10T19:05:26.064000,2023-05-10T19:05:25.938022Z,1367,C3E2LD8X,471,English,22,Female,White,United States,United States,United States,English,DATA_EXPIRED,DATA_EXPIRED
645be5b40d741363862d088e,5bd47734506cd3000101d181,APPROVED,2023-05-10T18:43:15.451000Z,2023-05-10T19:33:23.325000Z,2023-05-10T19:33:24.613000,2023-05-10T19:33:24.079301Z,3008,C3E2LD8X,1906,English,33,Male,White,United States,United States,United States,English,DATA_EXPIRED,Part-Time
645be5bfa4a4cf2f604a257f,5fd4ebfabf40a22bd1ffd8db,APPROVED,2023-05-10T18:43:14.044000Z,2023-05-10T19:02:53.017000Z,2023-05-10T19:02:53.853000,2023-05-10T19:02:53.734017Z,1179,CJ5RNK30,47,English,32,Male,White,United States,United States,United States,English,DATA_EXPIRED,DATA_EXPIRED
645be5d3970d738cb7fe2c43,63614ad9841a7d16ad04512a,APPROVED,2023-05-10T18:43:37.944000Z,2023-05-10T19:11:05.352000Z,2023-05-10T19:11:06.271000,2023-05-10T19:11:06.168498Z,1648,CJ5RNK30,440,English,24,Male,Black,United States,United States,United States,English,DATA_EXPIRED,DATA_EXPIRED
645be5f97d9ea0f360921779,5f852dee17ab6c2136ac62e4,APPROVED,2023-05-10T18:44:17.562000Z,2023-05-10T19:01:57.657000Z,2023-05-10T19:02:03.468000,2023-05-10T19:01:58.324693Z,1061,CJ5RNK30,1800,English,23,Female,White,United States,United States,United States,English,Yes,Unemployed (and job seeking)
645be60fa6562874bf0bf8ab,636558deffacf6b4af41ae6b,APPROVED,2023-05-10T18:44:36.480000Z,2023-05-10T19:03:44.068000Z,2023-05-10T19:03:47.084000,2023-05-10T19:03:46.976082Z,1148,CJ5RNK30,770,English,27,Male,White,United States,United States,United States,English,No,Full-Time
645be62d6b40806b9038f7f2,5f485110eae1181f66370df8,APPROVED,2023-05-10T18:45:10.722000Z,2023-05-10T19:24:19.396000Z,2023-05-11T15:04:29.922000,2023-05-10T19:24:20.366559Z,2349,NOCODE,1344,English,61,Male,White,United States,United States,United States,English,DATA_EXPIRED,DATA_EXPIRED
645be633d618845d5b30e471,636148b49f7e6e857fde4001,APPROVED,2023-05-10T18:45:48.036000Z,2023-05-10T19:08:51.451000Z,2023-05-10T19:08:52.777000,2023-05-10T19:08:52.669077Z,1384,C3E2LD8X,859,English,42,Female,White,United States,United States,United States,English,DATA_EXPIRED,DATA_EXPIRED
645be66495dbc10a97ce9365,63652b3ed1f35f8e04325845,APPROVED,2023-05-10T18:46:01.388000Z,2023-05-10T19:16:18.291000Z,2023-05-10T19:16:19.051000,2023-05-10T19:16:18.930740Z,1817,C3E2LD8X,318,English,45,Male,White,Germany,United States,United States,English,DATA_EXPIRED,DATA_EXPIRED
645be67f0db7169aaa0e4754,64551d250ef342507eb0edf9,APPROVED,2023-05-10T18:46:26.875000Z,2023-05-10T19:05:19.279000Z,2023-05-10T19:05:21.097000,2023-05-10T19:05:20.981945Z,1133,CJ5RNK30,8,English,25,Male,Black,United States,United States,United States,English,Yes,Unemployed (and job seeking)
645be683cac55de643d0336a,5ec14623eb82d302356805c5,APPROVED,2023-05-10T18:46:31.613000Z,2023-05-10T19:06:08.619000Z,2023-05-12T14:27:36.024000,2023-05-10T19:06:09.354929Z,1178,NOCODE,231,English,36,Female,White,United States,United States,United States,English,DATA_EXPIRED,DATA_EXPIRED
645be69a0518e0814720999c,5f8737c71a44ac11b9481ab8,RETURNED,2023-05-10T18:47:57.414000Z,2023-05-10T19:29:55.402000Z,,2023-05-10T19:29:56.290000Z,,NOCODE,780,CONSENT_REVOKED,CONSENT_REVOKED,CONSENT_REVOKED,CONSENT_REVOKED,CONSENT_REVOKED,CONSENT_REVOKED,CONSENT_REVOKED,CONSENT_REVOKED,CONSENT_REVOKED,CONSENT_REVOKED
645be69df1ae011651e9941c,6020606d7b0258677b881f63,APPROVED,2023-05-10T18:47:00.258000Z,2023-05-10T19:07:30.578000Z,2023-05-10T19:07:31.392000,2023-05-10T19:07:31.244723Z,1231,CJ5RNK30,792,English,24,Female,White,United States,United States,United States,English,No,"Not in paid work (e.g. homemaker', 'retired or disabled)"
645be6cbec94ef0355437c6a,60412f7a5f580407f8e6e615,APPROVED,2023-05-10T18:47:44.233000Z,2023-05-10T19:08:15.962000Z,2023-05-11T16:33:20.605000,2023-05-10T19:08:16.754476Z,1232,NOCODE,617,English,37,Male,White,United States,United States,United States,English,No,Unemployed (and job seeking)
645be6d8b1cb85727082b9ce,5f6f28ca6df91347f156ad9a,APPROVED,2023-05-10T18:48:25.448000Z,2023-05-10T19:09:46.440000Z,2023-05-12T14:27:04.643000,2023-05-10T19:09:47.145499Z,1281,NOCODE,231,English,30,Female,White,United States,United States,United States,English,No,DATA_EXPIRED
645be6f15e481130d9e993fd,611fef91a3800a9e7bfca495,APPROVED,2023-05-10T18:52:38.666000Z,2023-05-10T19:47:54.791000Z,2023-05-10T19:47:56.347000,2023-05-10T19:47:56.193106Z,3317,CJ5RNK30,1687,English,21,Female,White,United States,United States,United States,English,Yes,DATA_EXPIRED
645be6f8be5f6d1bf7548005,6298e140ee3de09709fcb84c,APPROVED,2023-05-10T18:48:29.397000Z,2023-05-10T19:24:15.426000Z,2023-05-11T15:51:19.396000,2023-05-10T19:24:16.170419Z,2147,NOCODE,887,English,56,Female,Mixed,United States,United States,United States,English,Yes,Other
645be6faa2feff2a739046f2,5aea962d0ef2f20001858c9c,APPROVED,2023-05-10T18:48:40.110000Z,2023-05-10T19:18:05.523000Z,2023-05-10T19:18:06.620000,2023-05-10T19:18:06.462136Z,1766,CJ5RNK30,2416,English,39,Male,White,United States,United States,United States,English,No,Unemployed (and job seeking)
645be701918a8b5f67d12590,5d32bdd9f0689e00195ac2db,APPROVED,2023-05-10T18:48:40.125000Z,2023-05-10T19:07:54.944000Z,2023-05-10T19:07:59.910000,2023-05-10T19:07:55.681397Z,1155,CJ5RNK30,1417,English,47,Female,White,United States,United States,United States,English,DATA_EXPIRED,Full-Time
645be70a90ba70c312e23644,59ea2d5a7f3d71000171e0a9,APPROVED,2023-05-10T18:48:47.384000Z,2023-05-10T19:09:07.657000Z,2023-05-10T19:09:10.775000,2023-05-10T19:09:10.648517Z,1221,C3E2LD8X,696,English,32,Female,White,United States,United States,United States,English,DATA_EXPIRED,DATA_EXPIRED
645be7205fb397bc59ce93ae,5920b1f62b529b00013f3214,APPROVED,2023-05-10T18:49:04.906000Z,2023-05-10T19:30:43.501000Z,2023-05-10T19:30:45.021000,2023-05-10T19:30:44.883345Z,2499,CJ5RNK30,2278,English,59,Male,White,United States,United States,United States,English,No,Full-Time
645be75fa87f895836be6ae1,5a04869ff2e3460001edad2e,APPROVED,2023-05-10T18:50:10.592000Z,2023-05-10T19:24:33.548000Z,2023-05-10T19:24:37.616000,2023-05-10T19:24:34.533191Z,2063,CJ5RNK30,2240,English,32,Male,White,United States,United States,United States,English,No,DATA_EXPIRED
645be76207077cf9fa0325ef,5f51287698edeb30a0cf878d,APPROVED,2023-05-10T18:50:16.783000Z,2023-05-10T19:09:38.708000Z,2023-05-10T19:09:39.566000,2023-05-10T19:09:39.446000Z,1162,CJ5RNK30,1413,"English, Chinese",38,Male,Asian,China,United States,United States,Chinese,No,DATA_EXPIRED
645be78634dc8982eefe2c20,5f68dfc4f0b95a06e45d2fad,APPROVED,2023-05-10T18:53:02.050000Z,2023-05-10T20:05:37.342000Z,2023-05-10T20:05:38.519000,2023-05-10T20:05:38.384095Z,4356,C1ISGV6W,449,English,35,Female,White,United States,United States,United States,English,DATA_EXPIRED,DATA_EXPIRED
645be78897c01731516c1969,60fd080d5476f4a77211bafb,APPROVED,2023-05-10T18:51:56.194000Z,2023-05-10T19:15:46.497000Z,2023-05-10T19:15:50.557000,2023-05-10T19:15:50.604204Z,1431,CJ5RNK30,2263,English,34,Female,White,United States,United States,United States,English,No,Full-Time
645be78da88ced0e8849623e,631a68ee10ec68377cb03457,APPROVED,2023-05-10T18:51:17.118000Z,2023-05-10T19:34:09.605000Z,2023-05-10T19:34:10.621000,2023-05-10T19:34:10.475536Z,2573,C1ISGV6W,788,English,36,Male,White,United States,United States,United States,English,No,Full-Time
645be79a6f7292679bf91fdb,5f036ad6524fe7281a4ad892,APPROVED,2023-05-10T18:51:10.113000Z,2023-05-10T19:35:54.264000Z,2023-05-11T16:16:33.577000,2023-05-10T19:35:54.906166Z,2685,NOCODE,313,English,24,Male,Black,DATA_EXPIRED,United States,United States,English,DATA_EXPIRED,DATA_EXPIRED
645be79cfd9fc81a5154800f,5dd31871c5faa232d3c20365,APPROVED,2023-05-10T18:51:12.060000Z,2023-05-10T19:10:29.221000Z,2023-05-10T19:10:30.045000,2023-05-10T19:10:29.917948Z,1158,CJ5RNK30,1177,English,40,Male,Other,United States,United States,United States,English,DATA_EXPIRED,DATA_EXPIRED
645be7ad1d38dfeaec921749,55c82012fdf99b02adc2a36e,APPROVED,2023-05-10T18:51:31.639000Z,2023-05-10T19:18:51.638000Z,2023-05-10T19:18:54.784000,2023-05-10T19:18:53.814385Z,1640,CJ5RNK30,957,English,39,Female,White,United States,United States,United States,English,No,DATA_EXPIRED
645be7bab622d9104f11ab2f,60902e88302a1bdd580019d6,APPROVED,2023-05-10T18:51:44.322000Z,2023-05-10T19:12:38.208000Z,2023-05-10T19:12:39.092000Z,2023-05-10T19:12:39.898346Z,1254,CJ5RNK30,632,English,36,Female,White,United States,United States,United States,English,No,"Not in paid work (e.g. homemaker', 'retired or disabled)"
645be7da220f26e8536c1933,63eaa6adf989350fb6225d79,RETURNED,2023-05-10T18:53:58.741000Z,2023-05-10T19:12:22.783000Z,,2023-05-10T19:12:25.715000Z,,NOCODE,234,CONSENT_REVOKED,CONSENT_REVOKED,CONSENT_REVOKED,CONSENT_REVOKED,CONSENT_REVOKED,CONSENT_REVOKED,CONSENT_REVOKED,CONSENT_REVOKED,CONSENT_REVOKED,CONSENT_REVOKED
645be7e81ee78f074de1d1c1,63d3f9666978779139a949bb,APPROVED,2023-05-10T18:52:28.657000Z,2023-05-10T19:10:44.103000Z,2023-05-10T19:10:45.687000,2023-05-10T19:10:45.565254Z,1096,CJ5RNK30,566,English,31,Male,White,United States,United States,United States,English,No,Full-Time
645be801bbc3ef15f582b9d7,5f35f5ff98f31a23b4ff57c0,APPROVED,2023-05-10T18:52:56.968000Z,2023-05-10T19:16:06.227000Z,2023-05-10T19:16:07.392000,2023-05-10T19:16:07.280772Z,1390,CJ5RNK30,509,English,29,Female,White,United States,United States,United States,English,No,DATA_EXPIRED
645be803b34e693079586f9b,62e1e3f92efe886934aebdc4,APPROVED,2023-05-10T18:52:56.096000Z,2023-05-10T19:33:59.502000Z,2023-05-10T19:34:00.458000,2023-05-10T19:34:00.335532Z,2464,CJ5RNK30,952,English,46,Female,White,United States,United States,United States,English,No,Full-Time
645be8357222361a3a6ca5d6,60fdd6065200f6120a01fba5,APPROVED,2023-05-10T18:53:47.897000Z,2023-05-10T19:18:12.646000Z,2023-05-10T19:18:15.846000,2023-05-10T19:18:15.767105Z,1465,CJ5RNK30,1083,English,52,Female,White,United States,United States,United States,English,No,"Not in paid work (e.g. homemaker', 'retired or disabled)"
645be83f821f9557cd860bb0,5f87dcb62285ab2277e2d15e,APPROVED,2023-05-10T18:53:54.761000Z,2023-05-10T19:08:37.980000Z,2023-05-10T19:08:38.936000,2023-05-10T19:08:38.794355Z,884,CJ5RNK30,568,English,30,Male,White,United States,United States,United States,English,No,Part-Time
645be843a340ff5e0c0325c9,55c4fc3dfdf99b559867a416,APPROVED,2023-05-10T18:54:02.170000Z,2023-05-10T19:34:47.070000Z,2023-05-10T19:34:47.958000,2023-05-10T19:34:47.840382Z,2445,C1ISGV6W,1905,English,30,Female,White,United States,United States,United States,English,DATA_EXPIRED,DATA_EXPIRED
645be9f50036a1ae6babc3d6,632651a9f1a00140dc2b9487,APPROVED,2023-05-10T19:01:12.674000Z,2023-05-10T19:57:23.002000Z,2023-05-10T19:57:23.784000,2023-05-10T19:57:23.658693Z,3371,C3E2LD8X,1076,English,78,Female,White,United States,United States,United States,English,No,"Not in paid work (e.g. homemaker', 'retired or disabled)"
645bea099f3e2e7952d5b40c,5bca2688526bab000199550a,APPROVED,2023-05-10T19:07:35.441000Z,2023-05-10T19:33:33.815000Z,2023-05-11T15:53:14.165000,2023-05-10T19:33:34.949959Z,1559,5bca2688526bab000199550a,1410,"English, Arabic",36,Female,White,Iraq,United States,United States,DATA_EXPIRED,No,DATA_EXPIRED
645bea5d34fae3340147b500,622a02a1214562da8abfba19,RETURNED,2023-05-10T19:03:05.291000Z,2023-05-10T19:04:00.912000Z,,2023-05-10T19:04:01.633000Z,,NOCODE,1020,CONSENT_REVOKED,CONSENT_REVOKED,CONSENT_REVOKED,CONSENT_REVOKED,CONSENT_REVOKED,CONSENT_REVOKED,CONSENT_REVOKED,CONSENT_REVOKED,CONSENT_REVOKED,CONSENT_REVOKED
645beaa79cecbfb4ecaa9836,5d46665905b29200188e52b4,APPROVED,2023-05-10T19:08:39.874000Z,2023-05-10T19:36:58.388000Z,2023-05-10T19:36:59.264000,2023-05-10T19:36:59.146589Z,1699,C1ISGV6W,771,English,30,Female,White,United States,United States,United States,English,No,"Not in paid work (e.g. homemaker', 'retired or disabled)"
645beaaba69a49b78890e3b3,5df81cd72713055bdf02efd8,APPROVED,2023-05-10T19:06:34.148000Z,2023-05-10T19:33:22.089000Z,2023-05-10T19:33:25.427000,2023-05-10T19:33:25.298077Z,1608,CJ5RNK30,2403,English,45,Male,White,United States,United States,United States,English,DATA_EXPIRED,DATA_EXPIRED
645cf324feafccbf44b7a338,6448c6682587eb998af5ef94,AWAITING REVIEW,2023-05-11T13:52:36.389000Z,2023-05-11T13:55:13.568000Z,,2023-05-11T13:55:14.550742Z,158,6448c6682587eb998af5ef94,8,English,52,Female,Black,United States,United States,United States,English,No,Full-Time
645cf350f502d5bef6c23133,63d7cb9668d2a544866a37a8,APPROVED,2023-05-11T13:55:23.922000Z,2023-05-11T14:12:34.486000Z,2023-05-11T14:12:35.351000,2023-05-11T14:12:35.233638Z,1031,CJ5RNK30,297,English,22,Male,White,United States,United States,United States,English,Yes,DATA_EXPIRED
645cf451a463b929ec0d8fbb,62fff3a366f10202cc095b1e,APPROVED,2023-05-11T13:57:51.573000Z,2023-05-11T14:43:17.167000Z,2023-05-11T14:43:19.954000,2023-05-11T14:43:19.834309Z,2726,C3E2LD8X,453,"English, Spanish",32,Male,Other,United States,United States,United States,English,DATA_EXPIRED,Unemployed (and job seeking)
645cf554662e359dd0577590,5dd35813794e103649612ffd,APPROVED,2023-05-11T14:02:01.185000Z,2023-05-11T14:29:42.834000Z,2023-05-11T14:29:45.323000,2023-05-11T14:29:45.213554Z,1662,C3E2LD8X,1711,English,55,Female,White,United States,United States,United States,English,No,DATA_EXPIRED
645cf60461922b2a6305f594,5f706a963b6ac2627a4bb3b5,APPROVED,2023-05-11T14:04:58.972000Z,2023-05-11T15:01:18.374000Z,2023-05-11T15:01:20.965000,2023-05-11T15:01:20.797383Z,3380,CJ5RNK30,1914,English,42,Female,Black,United States,United States,United States,English,DATA_EXPIRED,DATA_EXPIRED
645cf625ec56e23cfa673446,64467092479723cb7906e371,APPROVED,2023-05-11T14:05:30.139000Z,2023-05-11T14:52:19.579000Z,2023-05-11T14:52:20.822000,2023-05-11T14:52:20.678304Z,2810,C3E2LD8X,31,English,66,Female,Black,Ghana,United States,United States,English,Yes,Part-Time
645cf6463aeebe857431594b,5ed57ec8141d24118731f1bc,APPROVED,2023-05-11T14:07:14.592000Z,2023-05-11T14:30:00.038000Z,2023-05-11T19:20:59.873000,2023-05-11T14:30:01.640167Z,1366,NOCODE,1336,"Spanish, English",50,Female,White,Cuba,United States,United States,Spanish,No,Full-Time
645cf66baea0fddc3233539a,6110de9b4f5ac5a4399c7b46,APPROVED,2023-05-11T14:06:43.469000Z,2023-05-11T14:33:04.763000Z,2023-05-11T19:21:21.651000,2023-05-11T14:33:05.373926Z,1582,NOCODE,245,English,24,Female,White,United States,United States,United States,English,No,Full-Time
645cf6d74b2746923f2c8897,6286883dfdadd2d772aa2a72,APPROVED,2023-05-11T14:08:37.145000Z,2023-05-11T14:44:31.840000Z,2023-05-11T19:20:25.585000,2023-05-11T14:45:57.225079Z,2155,NOCODE,72,English,50,Male,White,United States,United States,United States,English,No,Part-Time
645cf7091ad8c89cd312d48c,63e52a02b954da8b899fa1a7,APPROVED,2023-05-11T14:10:46.197000Z,2023-05-11T14:28:30.720000Z,2023-05-11T14:28:33.117000,2023-05-11T14:28:32.964873Z,1065,CJ5RNK30,132,English,21,Male,White,United States,United States,United States,English,Yes,Full-Time
645cf759507b0ac5bde72c76,6267ec348d99cc16e7beb7f7,APPROVED,2023-05-11T14:10:38.397000Z,2023-05-11T14:38:24.188000Z,2023-05-11T14:38:25.463000,2023-05-11T14:38:25.359219Z,1666,C3E2LD8X,958,"English, Spanish",49,Female,White,United States,United States,United States,English,DATA_EXPIRED,DATA_EXPIRED
645cf8c69302aac9e9f44ecd,5b98d9362cca9c0001de161f,APPROVED,2023-05-11T14:16:48.485000Z,2023-05-11T14:53:55.251000Z,2023-05-11T14:53:56.016000,2023-05-11T14:53:55.898051Z,2227,C3E2LD8X,2678,English,51,Male,White,United States,United States,United States,English,DATA_EXPIRED,DATA_EXPIRED
645cf8e8e2f5bbdf1e3353a9,644a79f6959d5c79a6cd9e4f,APPROVED,2023-05-11T14:17:21.215000Z,2023-05-11T14:49:25.402000Z,2023-05-11T14:49:26.273000,2023-05-11T14:49:26.156923Z,1925,C3E2LD8X,2,English,48,Male,Black,Ghana,United States,United States,English,No,Full-Time
645cf8ee4be765601a6466e8,5e753094e8a6f10a9805ed9a,APPROVED,2023-05-11T14:17:25.360000Z,2023-05-11T14:43:07.325000Z,2023-05-11T14:43:09.686000,2023-05-11T14:43:09.555867Z,1542,CJ5RNK30,891,English,67,Female,White,United States,United States,United States,English,DATA_EXPIRED,DATA_EXPIRED
645cf8f29fdeb96824315950,61fa94735719bc09cb834f49,APPROVED,2023-05-11T14:17:26.674000Z,2023-05-11T14:36:47.041000Z,2023-05-11T14:36:50.369000,2023-05-11T14:36:48.023018Z,1161,C3E2LD8X,843,English,39,Female,Mixed,United States,United States,United States,English,DATA_EXPIRED,DATA_EXPIRED
645cf937e65b57376efd88ea,627161ec9a2c16ab6496e364,APPROVED,2023-05-11T14:18:35.338000Z,2023-05-11T14:38:16.363000Z,2023-05-11T14:38:17.223000,2023-05-11T14:38:17.099160Z,1182,CJ5RNK30,493,English,23,Male,White,United States,United States,United States,English,DATA_EXPIRED,Full-Time
645cf9af3e344f1b77fd88c6,5f8ac3760d1aa703601582ef,APPROVED,2023-05-11T14:20:57.758000Z,2023-05-11T14:43:47.995000Z,2023-05-11T14:43:48.769000,2023-05-11T14:43:48.625962Z,1371,C3E2LD8X,752,English,37,Male,White,United States,United States,United States,English,No,Unemployed (and job seeking)
645cf9b3447d55cfd0d84a52,57e91ff08dcd2c00014bea18,APPROVED,2023-05-11T14:20:47.940000Z,2023-05-11T14:43:40.453000Z,2023-05-11T14:43:42.316000Z,2023-05-11T14:43:44.153355Z,1373,C3E2LD8X,3206,English,36,Female,Black,United States,United States,United States,English,No,"Not in paid work (e.g. homemaker', 'retired or disabled)"
645cf9c1adffe69e73ec35a6,6123cd56cca46279c39b2f2e,APPROVED,2023-05-11T14:21:04.428000Z,2023-05-11T14:38:04.465000Z,2023-05-11T14:38:05.363000,2023-05-11T14:38:05.236311Z,1021,C3E2LD8X,647,English,20,Male,Asian,United States,United States,United States,English,Yes,Other
645cf9dbfd2511b9124109fb,5c872cded9fe700001024123,APPROVED,2023-05-11T14:21:46.612000Z,2023-05-11T15:08:39.208000Z,2023-05-11T15:08:40.624000,2023-05-11T15:08:40.509150Z,2813,C3E2LD8X,2390,"English, Spanish",38,Male,White,United States,United States,United States,English,DATA_EXPIRED,DATA_EXPIRED
645cf9f494d3e9c9cfec356b,5dd4189ef30aa640b4e9c094,APPROVED,2023-05-11T14:21:49.539000Z,2023-05-11T14:52:48.491000Z,2023-05-11T14:52:50.746000,2023-05-11T14:52:50.631592Z,1859,C1ISGV6W,3392,English,58,Male,Other,United States,United States,United States,English,No,Full-Time
645cf9f6521350583bd12599,62a33f5217536a32157d874e,APPROVED,2023-05-11T14:22:13.170000Z,2023-05-11T14:50:14.565000Z,2023-05-11T14:50:15.684000,2023-05-11T14:50:15.541733Z,1682,CJ5RNK30,561,English,32,Female,White,United States,United States,United States,English,No,DATA_EXPIRED
645cfa0f3355b2e66803e206,63bb0d793cee514d16b866ef,APPROVED,2023-05-11T14:22:18.053000Z,2023-05-11T14:50:14.226000Z,2023-05-11T14:50:15.157000,2023-05-11T14:50:15.047113Z,1677,CJ5RNK30,183,English,65,Female,White,United States,United States,United States,English,No,DATA_EXPIRED
645cfa23521350583bd125a0,610820f8cc357db69daa892a,APPROVED,2023-05-11T14:22:50.426000Z,2023-05-11T14:48:27.236000Z,2023-05-11T14:48:28.063000,2023-05-11T14:48:27.957641Z,1537,CJ5RNK30,1620,English,24,Female,White,United States,United States,United States,English,No,Part-Time
645cfa46da795c4670dfc86a,59c86f966a287600011c393e,APPROVED,2023-05-11T14:24:36.507000Z,2023-05-11T15:28:14.110000Z,2023-05-11T15:28:15.526000,2023-05-11T15:28:15.404399Z,3818,C3E2LD8X,2089,English,54,Male,Black,Jamaica,United States,United States,English,No,DATA_EXPIRED
645d1425d0612610798b9dae,60fce319094706567dd18681,APPROVED,2023-05-11T16:13:29.905000Z,2023-05-11T16:32:45.945000Z,2023-05-11T18:47:24.526000,2023-05-11T16:32:46.970325Z,1157,NOCODE,1193,English,22,Female,White,United States,United States,United States,English,DATA_EXPIRED,DATA_EXPIRED
645d1594be025d837b6ddd76,62fbc9730a4b70bcc1c942b3,APPROVED,2023-05-11T16:19:38.826000Z,2023-05-11T16:37:43.138000Z,2023-05-11T16:37:43.992000,2023-05-11T16:37:43.880189Z,1085,C1ISGV6W,338,English,34,Female,White,United States,United States,United States,English,DATA_EXPIRED,DATA_EXPIRED
645d15c7e5b1bff88de52f96,5e4aff604677340127c8514d,APPROVED,2023-05-11T16:20:29.648000Z,2023-05-11T16:39:27.656000Z,2023-05-11T16:39:33.277000,2023-05-11T16:39:30.121536Z,1139,C1ISGV6W,363,English,27,Female,White,United States,United States,United States,English,DATA_EXPIRED,DATA_EXPIRED
645d16c591e9b41aa392d2d2,5c5cd939a1ff0d0001176b6e,APPROVED,2023-05-11T16:24:55.109000Z,2023-05-11T16:42:46.849000Z,2023-05-11T16:42:48.638000,2023-05-11T16:42:48.526261Z,1072,C3E2LD8X,373,English,36,Male,White,United States,United States,United States,English,No,DATA_EXPIRED
645d16e60f8cc05943402e43,5edbd29596e90d077aa16303,APPROVED,2023-05-11T16:25:16.933000Z,2023-05-11T16:47:41.445000Z,2023-05-11T16:47:43.106000,2023-05-11T16:47:42.985477Z,1345,C3E2LD8X,163,English,36,Female,White,United States,United States,United States,English,No,Full-Time
645d173317f11079b8b58c03,616da069522e6b8aa420a603,APPROVED,2023-05-11T16:26:43.040000Z,2023-05-11T16:53:41.112000Z,2023-05-11T16:54:04.645000Z,2023-05-11T16:54:37.267922Z,1619,CJ5RNK30,485,English,51,Female,White,United States,United States,United States,English,No,Full-Time
645d179497e9f25da8b58bf1,608c75be6bf5ca1f23ab35ad,APPROVED,2023-05-11T16:28:13.302000Z,2023-05-11T16:58:15.775000Z,2023-05-11T16:58:16.572000,2023-05-11T16:58:16.456553Z,1803,C3E2LD8X,1342,English,22,Male,White,United States,United States,United States,English,DATA_EXPIRED,DATA_EXPIRED
645d17c2accf142cbc96d05d,6413657d35d13ae4a6c8a26f,APPROVED,2023-05-11T16:28:59.968000Z,2023-05-11T16:42:11.217000Z,2023-05-11T16:42:12.580000,2023-05-11T16:42:12.458140Z,792,C1ISGV6W,87,English,27,Male,White,United States,United States,United States,English,No,Full-Time
645d18167432694a8484068e,6346c80dad82da684ce0a3df,APPROVED,2023-05-11T16:30:29.519000Z,2023-05-11T16:53:44.421000Z,2023-05-11T18:46:49.654000,2023-05-11T16:54:46.371776Z,1395,NOCODE,192,English,23,Female,Asian,United States,United States,United States,English,No,Full-Time
645d18945ddfe56aefbdc4e9,5ecff126aa853e08a8f95e5b,APPROVED,2023-05-11T16:32:29.971000Z,2023-05-11T17:45:51.082000Z,2023-05-11T18:45:54.436000,2023-05-11T17:45:54.493902Z,4402,NOCODE,1014,English,38,Male,Mixed,United States,United States,United States,English,No,DATA_EXPIRED
645d18a4afd24823f6b17892,5e19b2a5f495b423d71e00f5,APPROVED,2023-05-11T16:32:48.637000Z,2023-05-11T16:57:13.014000Z,2023-05-11T18:45:26.089000,2023-05-11T16:57:17.691987Z,1465,NOCODE,326,English,45,Female,White,United States,United States,United States,English,DATA_EXPIRED,DATA_EXPIRED
645d198103d4187805edb54f,5cd34d42fe890a00174debb5,APPROVED,2023-05-11T16:36:23.340000Z,2023-05-11T16:54:41.182000Z,2023-05-11T16:55:14.146000Z,2023-05-11T16:55:43.006333Z,1098,CJ5RNK30,1042,English,22,Male,White,United States,United States,United States,English,DATA_EXPIRED,DATA_EXPIRED
645d19cd26166bd5f2b1d943,54d2c4e2fdf99b2c319a8cf6,APPROVED,2023-05-11T16:37:43.776000Z,2023-05-11T17:29:05.300000Z,2023-05-11T17:29:07.436000,2023-05-11T17:29:07.122815Z,3082,CJ5RNK30,2283,English,45,Male,White,United States,United States,United States,English,DATA_EXPIRED,DATA_EXPIRED
645d1ac8b35707807e7bb4fd,569916e4b0e16500050131b4,APPROVED,2023-05-11T16:46:16.049000Z,2023-05-11T17:16:54.756000Z,2023-05-11T18:43:28.379000,2023-05-11T17:16:55.515647Z,1839,NOCODE,1740,English,64,Male,White,United States,United States,United States,English,DATA_EXPIRED,DATA_EXPIRED
645d1b06c056c0ce856dddcd,5c41fb6f848dbb000157e2e5,APPROVED,2023-05-11T16:42:52.287000Z,2023-05-11T17:04:17.935000Z,2023-05-11T17:04:18.800000,2023-05-11T17:04:18.690713Z,1286,CJ5RNK30,1421,English,43,Female,Black,United States,United States,United States,English,No,Full-Time
645d1b4347e3d8cb5c402e54,5ac50d5ea3ba7a0001b4a4be,APPROVED,2023-05-11T16:43:53.554000Z,2023-05-11T17:13:31.720000Z,2023-05-11T18:44:59.289000,2023-05-11T17:13:32.281186Z,1779,NOCODE,1350,English,76,Male,White,United States,United States,United States,English,No,Other
645d1b6115e64ce4c0716cfa,5f63aebda80cfc0db6982f74,APPROVED,2023-05-11T16:44:26.377000Z,2023-05-11T17:09:57.098000Z,2023-05-11T17:09:58.292000,2023-05-11T17:09:58.137761Z,1531,CJ5RNK30,73,English,23,Male,White,United States,United States,United States,English,No,Other
645d1b79385c2e1bc63d5abd,60f6ce6de6cf393bcde0c14d,APPROVED,2023-05-11T16:44:48.239000Z,2023-05-11T17:09:32.370000Z,2023-05-11T17:09:33.218000,2023-05-11T17:09:33.101238Z,1485,CJ5RNK30,1633,English,58,Female,White,United States,United States,United States,English,No,Full-Time
645d1b8e70037a0e7f71ee65,5c8198fcf29fd90001a2b9c9,APPROVED,2023-05-11T16:45:05.844000Z,2023-05-11T17:08:32.429000Z,2023-05-11T18:44:46.033000,2023-05-11T17:08:33.580295Z,1407,"I completed this study, but no completion code was given.",3273,English,64,Female,White,United States,United States,United States,English,No,Part-Time
645d1bc6302b782239edb552,62827896d034545333f4610c,APPROVED,2023-05-11T16:46:06.572000Z,2023-05-11T17:11:22.412000Z,2023-05-11T17:11:23.842000,2023-05-11T17:11:23.704224Z,1516,CJ5RNK30,924,English,56,Female,White,United States,United States,United States,English,No,Part-Time
645d1bce87809c2ec6482172,5db9e7ae0b530c03b47f6398,APPROVED,2023-05-11T16:46:13.145000Z,2023-05-11T17:17:38.621000Z,2023-05-11T18:44:28.227000,2023-05-11T17:17:42.731789Z,1886,NOCODE,84,English,24,Male,White,United States,United States,United States,English,No,Other
645d1bd49f9b9ae48d37c907,610ec37ea0648de28b37fb83,AWAITING REVIEW,2023-05-11T16:46:23.707000Z,2023-05-11T17:15:31.473000Z,,2023-05-11T17:15:32.163343Z,1748,https://p0axcjyaey.cognition.run/?PROLIFIC_PID=610ec37ea0648de28b37fb83&amp;STUDY_ID=645a46e7a4ece97df822c676&amp;SESSION_ID=645d1bd49f9b9ae48d37c907,1185,English,59,Female,White,United States,United States,United States,English,DATA_EXPIRED,DATA_EXPIRED
645d1c2c6e38b7b48fe52f5c,5cd1a619240bc80013310b4e,APPROVED,2023-05-11T16:47:46.890000Z,2023-05-11T17:11:40.186000Z,2023-05-11T17:11:40.954000,2023-05-11T17:11:40.849290Z,1434,C3E2LD8X,1926,English,49,Female,White,United States,United States,United States,English,No,Full-Time
645d1c3835d03c2d9af5949a,63eac31811a6da58d4f32d76,APPROVED,2023-05-11T16:47:57.474000Z,2023-05-11T17:09:04.684000Z,2023-05-11T17:09:05.715000,2023-05-11T17:09:05.599020Z,1268,CJ5RNK30,530,"English, Spanish",20,Male,White,United States,United States,United States,English,No,Unemployed (and job seeking)
645d1c8867fee333061b1b48,63ff82a863b38f195a2f9ac9,APPROVED,2023-05-11T16:49:18.450000Z,2023-05-11T17:18:17.924000Z,2023-05-11T17:18:18.780000,2023-05-11T17:18:18.667923Z,1740,CJ5RNK30,36,English,52,Male,White,United States,United States,United States,English,No,Full-Time
645d1cb467295fb4b9228e30,5b68d45687af3100015849a9,APPROVED,2023-05-11T16:50:03.321000Z,2023-05-11T17:07:36.985000Z,2023-05-11T17:07:37.809000,2023-05-11T17:07:37.698724Z,1054,CJ5RNK30,2214,English,61,Female,White,United States,United States,United States,English,No,DATA_EXPIRED
645d1d150edd02a411d71211,5f09f9a38bf3690ea1c20c96,APPROVED,2023-05-11T16:51:54.754000Z,2023-05-11T17:20:49.711000Z,2023-05-11T18:41:37.101000,2023-05-11T17:20:50.465323Z,1735,NOCODE,2335,English,55,Female,White,United States,United States,United States,English,DATA_EXPIRED,DATA_EXPIRED
645d1d681b45f9dbb2d7fd48,63d2797ee24c80630f3b67e1,APPROVED,2023-05-11T16:53:04.577000Z,2023-05-11T17:10:32.016000Z,2023-05-11T17:10:32.891000,2023-05-11T17:10:32.779845Z,1048,C3E2LD8X,232,English,44,Male,White,United States,United States,United States,English,No,Full-Time
645d1e607fa5aa8e42851f43,63a4a1d16970d438c0314bd9,APPROVED,2023-05-11T16:57:13.422000Z,2023-05-11T17:25:58.136000Z,2023-05-11T17:26:00.769000,2023-05-11T17:26:00.552730Z,1725,CJ5RNK30,140,English,65,Female,Mixed,United States,United States,United States,English,No,"Not in paid work (e.g. homemaker', 'retired or disabled)"
645d1e866dcd3a49b751ca3e,5fe0d610dd8cf1a331961cbe,APPROVED,2023-05-11T17:02:51.235000Z,2023-05-11T17:29:47.927000Z,2023-05-11T18:37:39.922000,2023-05-11T17:29:49.403204Z,1617,NOCODE,1194,English,38,Female,White,United States,United States,United States,English,No,Part-Time
645d1eb6f2ad8ec074d7fd14,63ed508fde849af6ba4b96e5,APPROVED,2023-05-11T16:58:35.860000Z,2023-05-11T17:28:49.401000Z,2023-05-11T17:28:50.869000,2023-05-11T17:28:50.755038Z,1814,CJ5RNK30,222,"English, French",55,Male,White,United States,United States,United States,English,No,DATA_EXPIRED
645d1ec0ed96158b0db02031,5b0d1b8e444cef0001ca66ac,APPROVED,2023-05-11T16:58:52.656000Z,2023-05-11T17:21:07.523000Z,2023-05-11T17:21:11.067000,2023-05-11T17:21:10.931878Z,1335,C3E2LD8X,988,English,59,Female,White,United States,United States,United States,English,No,"Not in paid work (e.g. homemaker', 'retired or disabled)"
645d1f0046a50ede1f1ca826,611688156f6d22853511ffb3,APPROVED,2023-05-11T16:59:53.131000Z,2023-05-11T17:15:00.668000Z,2023-05-11T17:15:03.955000,2023-05-11T17:15:03.803582Z,908,C3E2LD8X,2734,English,21,Male,White,United States,United States,United States,English,No,Part-Time
645d1f34a1292022b78332c5,60c52df5ae57d6d7918e76f0,APPROVED,2023-05-11T17:01:35.264000Z,2023-05-11T17:17:57.820000Z,2023-05-11T17:17:58.740000,2023-05-11T17:17:58.571179Z,983,CJ5RNK30,2269,English,22,Female,White,United States,United States,United States,English,No,Unemployed (and job seeking)
645d1f3c472a1d4aaae52f88,63e3210e520942163bbbd6d5,APPROVED,2023-05-11T17:00:48.984000Z,2023-05-11T17:35:04.282000Z,2023-05-11T18:41:07.238000,2023-05-11T17:35:07.465654Z,2056,NOCODE,307,"English, Spanish",21,Male,White,Ecuador,United States,United States,Spanish,No,Unemployed (and job seeking)
645d1f4f90f247c3767dad6c,631634c04e43861585e07b87,APPROVED,2023-05-11T17:01:09.852000Z,2023-05-11T17:24:41.166000Z,2023-05-11T18:40:10.300000,2023-05-11T17:24:41.889419Z,1412,NOCODE,1087,English,46,Female,White,United States,United States,United States,English,No,Full-Time
645d1fa853916acd73d949fe,614a2938ccbb6e48eb2dcbd1,APPROVED,2023-05-11T17:10:49.201000Z,2023-05-11T17:53:25.335000Z,2023-05-11T17:53:27.236000,2023-05-11T17:53:27.093339Z,2557,C1ISGV6W,609,English,43,Male,Asian,India,United States,United States,English,DATA_EXPIRED,DATA_EXPIRED
645d3568a403e5f77b3486e0,5e987098f1bb6707dca13f5b,APPROVED,2023-05-11T18:35:27.169000Z,2023-05-11T18:57:31.315000Z,2023-05-11T18:57:32.090000,2023-05-11T18:57:31.973719Z,1325,C1ISGV6W,3025,"English, French",56,Female,White,United States,United States,United States,English,No,Full-Time
645d3623f422ccf560577a4d,5c7e764fa7432a00169e1499,APPROVED,2023-05-11T18:38:32.738000Z,2023-05-11T19:00:02.441000Z,2023-05-11T19:00:03.527000,2023-05-11T19:00:03.363204Z,1290,CJ5RNK30,111,English,44,Male,Black,United States,United States,United States,English,No,Full-Time
645d364ddd3e942054716cb2,5f1fec6a43c2810190bb090c,APPROVED,2023-05-11T18:39:16.783000Z,2023-05-11T19:21:11.278000Z,2023-05-11T19:21:12.126000,2023-05-11T19:21:12.008282Z,2515,CJ5RNK30,377,English,38,Male,White,United States,United States,United States,English,DATA_EXPIRED,DATA_EXPIRED
645d38a934bb7c55b0833292,5b6cd50f9ee1a50001c5f481,APPROVED,2023-05-11T18:49:13.905000Z,2023-05-11T19:21:41.745000Z,2023-05-11T19:21:42.650000,2023-05-11T19:21:42.512311Z,1948,CJ5RNK30,1816,English,60,Female,White,United States,United States,United States,English,DATA_EXPIRED,Full-Time
645d390714c601dfad48215f,63b82398bbe6a599972413ad,APPROVED,2023-05-11T18:50:54.366000Z,2023-05-11T19:24:10.406000Z,2023-05-11T19:24:12.092000,2023-05-11T19:24:11.964291Z,1997,C3E2LD8X,492,English,45,Female,White,United States,United States,United States,English,No,Full-Time
645d3a68f77930506751ca64,558a035bfdf99b2d75651378,APPROVED,2023-05-11T18:56:43.658000Z,2023-05-11T19:29:01.539000Z,2023-05-11T19:29:02.372000,2023-05-11T19:29:02.225118Z,1938,C3E2LD8X,1064,English,48,Female,White,United States,United States,United States,English,No,Part-Time
645d3c8829b2204ca6228dec,5fea025ffeba314a5f1fbda8,APPROVED,2023-05-11T19:05:56.692000Z,2023-05-11T19:28:07.973000Z,2023-05-11T19:28:09.528000,2023-05-11T19:28:09.317701Z,1332,C3E2LD8X,490,"English, French",21,Male,White,United States,United States,United States,English,Yes,Part-Time
645d3da39462f086b67958e1,6108c7b7c66ae59abfe3a96d,APPROVED,2023-05-11T19:10:36.442000Z,2023-05-11T19:33:38.538000Z,2023-05-11T19:33:40.444000,2023-05-11T19:33:40.320136Z,1383,CJ5RNK30,12,English,20,Male,Mixed,United States,United States,United States,English,Yes,"Not in paid work (e.g. homemaker', 'retired or disabled)"
645d3dc4297e153902ab47eb,645bf81e7162b9ec4cb8aaf6,APPROVED,2023-05-11T19:11:11.426000Z,2023-05-11T19:36:46.332000Z,2023-05-11T19:36:48.435000,2023-05-11T19:36:48.310897Z,1535,C3E2LD8X,9,"English, Spanish",55,Female,White,United States,United States,United States,English,No,Full-Time
645d3e891536db8daa54de84,5d8793d36c53380015139da9,RETURNED,2023-05-11T19:14:31.666000Z,2023-05-11T19:37:24.202000Z,,2023-05-11T19:37:24.886000Z,,NOCODE,1715,CONSENT_REVOKED,CONSENT_REVOKED,CONSENT_REVOKED,CONSENT_REVOKED,CONSENT_REVOKED,CONSENT_REVOKED,CONSENT_REVOKED,CONSENT_REVOKED,CONSENT_REVOKED,CONSENT_REVOKED
645d3fa258133be3003ed464,5dd00a19b51b3e103a6f50c8,APPROVED,2023-05-11T19:19:05.409000Z,2023-05-11T19:47:33.422000Z,2023-05-11T19:47:35.167000,2023-05-11T19:47:35.028650Z,1709,CJ5RNK30,1989,English,50,Female,White,United States,United States,United States,English,No,Other
645d3fb46932823260228e1c,5e816bdc285d3884d00d6dcb,APPROVED,2023-05-11T19:23:30.899000Z,2023-05-11T19:46:09.401000Z,2023-05-11T19:46:13.114000,2023-05-11T19:46:12.981434Z,1359,C1ISGV6W,1379,English,42,Male,White,United States,United States,United States,English,DATA_EXPIRED,DATA_EXPIRED
645d3ff66b35666efdc1a377,5cdf2adac194e800187ad97a,APPROVED,2023-05-11T19:20:31.924000Z,2023-05-11T20:09:27.570000Z,2023-05-11T20:09:28.448000,2023-05-11T20:09:28.288748Z,2936,CJ5RNK30,1025,English,64,Female,White,United States,United States,United States,English,DATA_EXPIRED,"Not in paid work (e.g. homemaker', 'retired or disabled)"
645d40c0557f299efd5ffb52,6402618738abc106f32f8928,APPROVED,2023-05-11T19:23:53.195000Z,2023-05-11T19:49:15.487000Z,2023-05-11T19:49:16.441000,2023-05-11T19:49:16.311607Z,1523,C1ISGV6W,154,English,49,Female,White,United States,United States,United States,English,No,"Not in paid work (e.g. homemaker', 'retired or disabled)"
645d4150c21cef9ac5661c9f,6159d4026fd4e22c9f1179c1,APPROVED,2023-05-11T19:26:23.735000Z,2023-05-11T19:45:33.695000Z,2023-05-12T14:24:33.695000,2023-05-11T19:45:34.700184Z,1150,NOCODE,1025,English,42,Female,White,United States,United States,United States,English,DATA_EXPIRED,DATA_EXPIRED
645d419950f593796a75fd3c,58211fc787f6b90001f13f90,APPROVED,2023-05-11T19:27:24.538000Z,2023-05-11T19:46:40.759000Z,2023-05-11T19:46:46.529000,2023-05-11T19:46:46.377880Z,1157,C3E2LD8X,4918,English,40,Male,White,United States,United States,United States,English,No,Full-Time
645d4217715396fb64cf1386,54a7516dfdf99b7cd759d22b,APPROVED,2023-05-11T19:29:32.188000Z,2023-05-11T19:58:06.201000Z,2023-05-12T14:24:08.571000,2023-05-11T19:58:06.964365Z,1715,NOCODE,1615,English,48,Female,Black,United States,United States,United States,English,DATA_EXPIRED,DATA_EXPIRED
645d4231097b0d8d8951ca43,5a585be8e0cf3d00012657b8,APPROVED,2023-05-11T19:29:57.940000Z,2023-05-11T19:57:57.035000Z,2023-05-11T19:57:58.494000,2023-05-11T19:57:58.384879Z,1680,C3E2LD8X,1088,English,39,Male,White,United States,United States,United States,English,No,Full-Time
645d426c4ab038b412d9849a,58e76dbe3b2e1800012be43a,APPROVED,2023-05-11T19:30:55.655000Z,2023-05-11T19:48:13.182000Z,2023-05-11T19:48:14.090000,2023-05-11T19:48:13.974384Z,1038,C3E2LD8X,1682,English,43,Female,White,United States,United States,United States,English,No,Full-Time
645d42719e32fc98031b1b10,6076b4987983e978f6a2753f,APPROVED,2023-05-11T19:31:03.634000Z,2023-05-11T19:55:19.331000Z,2023-05-11T19:55:21.323000,2023-05-11T19:55:21.195604Z,1456,C3E2LD8X,785,English,20,Female,Black,United States,United States,United States,English,Yes,Part-Time
645d4292151caa5fd2cf1375,63f2e107c4d0bc684b99d2c6,APPROVED,2023-05-11T19:31:38.483000Z,2023-05-11T19:52:55.700000Z,2023-05-11T19:52:56.664000,2023-05-11T19:52:56.518200Z,1278,C3E2LD8X,327,English,44,Male,Black,United States,United States,United States,English,No,Full-Time
645d4368ce49b2dc08176644,5b72db405f561b0001342eff,APPROVED,2023-05-11T19:39:04.415000Z,2023-05-11T20:15:18.563000Z,2023-05-11T20:15:19.377000,2023-05-11T20:15:19.250511Z,2175,CJ5RNK30,2989,English,44,Male,White,United States,United States,United States,English,DATA_EXPIRED,DATA_EXPIRED
645d43d91034c932a0c47691,5efe4033859ac314b6d79a50,APPROVED,2023-05-11T19:37:03.529000Z,2023-05-11T20:10:20.726000Z,2023-05-11T20:10:23.354000,2023-05-11T20:10:21.374709Z,1998,CJ5RNK30,2420,"English, French",56,Female,White,France,United States,United States,English,No,Other
645d440bacc1e5a412ea550c,5e74406c8c8f273bafab9895,APPROVED,2023-05-11T19:37:50.305000Z,2023-05-11T20:00:11.202000Z,2023-05-11T20:00:14.715000,2023-05-11T20:00:14.531190Z,1341,C1ISGV6W,42,"English, Chinese",30,Male,Asian,United States,United States,United States,English,No,"Not in paid work (e.g. homemaker', 'retired or disabled)"
645d44490043075904ab10d8,62f41a3f40490ce7273873ec,APPROVED,2023-05-11T19:39:01.684000Z,2023-05-11T20:06:40.425000Z,2023-05-12T14:23:25.971000,2023-05-11T20:06:47.019588Z,1659,NOCODE,263,English,20,Male,White,United States,United States,United States,English,Yes,Unemployed (and job seeking)
645d4558f9c630c973276c3b,5ddaa1e583e309a04100bd57,APPROVED,2023-05-11T19:43:24.760000Z,2023-05-11T20:28:49.558000Z,2023-05-11T20:28:50.555000,2023-05-11T20:28:50.417489Z,2725,CJ5RNK30,902,English,22,Female,Black,United States,United States,United States,English,Yes,Unemployed (and job seeking)
645d464849cd97c6746e0523,6272aedf6abac2a395291522,APPROVED,2023-05-11T19:47:23.227000Z,2023-05-11T20:09:01.939000Z,2023-05-11T20:09:02.796000,2023-05-11T20:09:02.690876Z,1299,CJ5RNK30,1343,English,46,Male,White,United States,United States,United States,English,DATA_EXPIRED,DATA_EXPIRED
645d465c0b3bca69c151ca56,595d516e2da9c90001d7d200,APPROVED,2023-05-11T19:47:48.920000Z,2023-05-11T20:12:13.129000Z,2023-05-12T14:22:53.372000,2023-05-11T20:12:14.475433Z,1465,NOCODE,1685,English,43,Male,White,United States,United States,United States,English,No,Other
645d46744cc07f2d7e689914,5e2f4ab6fb987e078bf5f68e,APPROVED,2023-05-11T19:48:26.949000Z,2023-05-11T20:33:04.901000Z,2023-05-12T14:21:54.515000,2023-05-11T20:33:05.521916Z,2678,NOCODE,1149,English,50,Female,White,United States,United States,United States,English,No,Other
645d4692f052f5b071228e02,5de7d12c26dd95000b6824c5,APPROVED,2023-05-11T19:48:51.396000Z,2023-05-11T20:14:18.328000Z,2023-05-11T20:14:20.453000,2023-05-11T20:14:19.041033Z,1527,CJ5RNK30,997,English,47,Male,White,United States,United States,United States,English,DATA_EXPIRED,Unemployed (and job seeking)
645e42bcfcef9f2b5c4e0c44,5dd39758cf8e7e38d9ce47b5,APPROVED,2023-05-12T13:44:52.524000Z,2023-05-12T14:39:37.244000Z,2023-05-12T14:39:40.631000,2023-05-12T14:39:40.512747Z,3285,C3E2LD8X,554,"English, French",60,Male,White,United States,United States,United States,English,No,"Not in paid work (e.g. homemaker', 'retired or disabled)"
645e42d90b9780a051d131b5,5d8aa95dd06260000179442b,APPROVED,2023-05-12T13:45:03.627000Z,2023-05-12T14:12:38.327000Z,2023-05-12T14:12:39.209000,2023-05-12T14:12:39.085840Z,1655,C3E2LD8X,1798,English,73,Female,White,United States,United States,United States,English,DATA_EXPIRED,DATA_EXPIRED
645e42d9fdfbe715a02579f9,6310a8e72d2a091bb08a0c97,APPROVED,2023-05-12T13:45:25.622000Z,2023-05-12T14:17:28.954000Z,2023-05-12T19:44:31.099000,2023-05-12T14:17:30.185988Z,1924,NOCODE,225,English,31,Female,Black,United States,United States,United States,English,DATA_EXPIRED,Full-Time
645e441284e91b6a54799783,5dd3eb4bc0823f3d043b96fb,APPROVED,2023-05-12T13:50:19.535000Z,2023-05-12T14:08:08.316000Z,2023-05-12T14:08:09.642000,2023-05-12T14:08:09.524089Z,1069,CJ5RNK30,3411,English,52,Female,White,United States,United States,United States,English,DATA_EXPIRED,DATA_EXPIRED
645e44fa8d27828971339095,56ad40ce5ea7aa000cbe1947,APPROVED,2023-05-12T13:54:10.039000Z,2023-05-12T14:17:28.592000Z,2023-05-12T14:17:29.419000,2023-05-12T14:17:29.267185Z,1399,C3E2LD8X,1573,English,54,Male,White,United States,United States,United States,English,No,Part-Time
645e472e16a0f9e1ad9cc677,5de301515253b03390043d12,APPROVED,2023-05-12T14:03:52.056000Z,2023-05-12T15:10:48.941000Z,2023-05-12T15:10:49.947000,2023-05-12T15:10:49.815643Z,4017,C3E2LD8X,2040,English,59,Male,Black,United States,United States,United States,English,DATA_EXPIRED,DATA_EXPIRED
645e48146243020473aeee76,5bdc8d12b2fff7000189b6f8,APPROVED,2023-05-12T14:07:21.469000Z,2023-05-12T14:41:20.673000Z,2023-05-12T14:41:23.020000,2023-05-12T14:41:22.899909Z,2040,CJ5RNK30,3047,English,71,Female,White,United States,United States,United States,English,No,"Not in paid work (e.g. homemaker', 'retired or disabled)"
645e48d330d12120d4a0ff61,5f8a1fcf2773900d456a3e70,APPROVED,2023-05-12T14:10:43.344000Z,2023-05-12T14:44:09.701000Z,2023-05-12T19:45:30.644000,2023-05-12T14:44:10.494513Z,2007,NOCODE,1193,English,31,Female,Black,United States,United States,United States,English,DATA_EXPIRED,DATA_EXPIRED
645e494ceac97bb524ca6eb6,62e9c91168f8d1ff048964e9,APPROVED,2023-05-12T14:12:35.777000Z,2023-05-12T14:45:17.178000Z,2023-05-12T19:47:01.667000,2023-05-12T14:45:18.214330Z,1962,NOCODE,692,English,62,Male,White,United States,United States,United States,English,DATA_EXPIRED,DATA_EXPIRED
645e4962eba01bbc5c3c2742,5e544727059e3744ccdd4c3b,APPROVED,2023-05-12T14:13:01.715000Z,2023-05-12T14:35:32.915000Z,2023-05-12T14:35:33.852000,2023-05-12T14:35:33.717581Z,1352,CJ5RNK30,2970,English,32,Female,Black,United States,United States,United States,English,No,Part-Time
645e49b3b9df8de282b32b4a,6428f7ac297e312f7262d93b,APPROVED,2023-05-12T14:14:21.274000Z,2023-05-12T14:38:53.986000Z,2023-05-12T14:38:54.909000,2023-05-12T14:38:54.782844Z,1473,CJ5RNK30,9,English,59,Female,White,United States,United States,United States,English,No,Unemployed (and job seeking)
645e4a00bb8c5cef06a4d6e0,615859547c3d088e8fa5384f,APPROVED,2023-05-12T14:15:33.572000Z,2023-05-12T14:39:01.943000Z,2023-05-15T16:15:06.168000,2023-05-12T14:39:03.910823Z,1409,NOCODE,788,English,51,Male,White,United States,United States,United States,English,DATA_EXPIRED,DATA_EXPIRED
645e4a285a4a13614b836d5b,63e4659066d57da391a04e5f,APPROVED,2023-05-12T14:16:15.332000Z,2023-05-12T15:00:09.018000Z,2023-05-12T15:00:10.339000,2023-05-12T15:00:10.181120Z,2634,CJ5RNK30,180,English,58,Female,White,United States,United States,United States,English,No,Full-Time
645e4a5f58f9990392e630ed,637cef64a7b9fcc38ac1425c,APPROVED,2023-05-12T14:17:09.914000Z,2023-05-12T15:13:36.180000Z,2023-05-15T16:28:46.346000,2023-05-12T15:13:37.154380Z,3387,NOCODE,915,English,48,Male,Black,United States,United States,United States,English,Yes,Full-Time
645e4a6fb2971e5b4ab9d8c6,611c31c77df20ecc6881cc44,APPROVED,2023-05-12T14:17:24.479000Z,2023-05-12T14:45:42.782000Z,2023-05-12T14:45:45.407000,2023-05-12T14:45:43.467152Z,1699,C3E2LD8X,2609,English,66,Female,White,United States,United States,United States,English,No,Part-Time
645e4ac942151bfaa35ae633,5e6fd3293c76d25a3ca8b384,APPROVED,2023-05-12T14:19:19.368000Z,2023-05-12T15:05:29.373000Z,2023-05-12T15:05:30.208000,2023-05-12T15:05:30.090845Z,2771,CJ5RNK30,3629,English,53,Male,White,United States,United States,United States,English,DATA_EXPIRED,DATA_EXPIRED
645e4ae4d30c8e80e613b599,62ff8aa20b2d8c0e359e9799,APPROVED,2023-05-12T14:19:27.814000Z,2023-05-12T14:50:20.324000Z,2023-05-15T16:20:12.044000,2023-05-12T14:50:21.618357Z,1853,NOCODE,1246,"English, Japanese",50,Male,Asian,"Venezuela, Bolivarian Republic of",United States,United States,English,No,"Not in paid work (e.g. homemaker', 'retired or disabled)"
645e4aee6a8205cdf6970a70,5cd321750316ed0017c81bcd,APPROVED,2023-05-12T14:19:34.177000Z,2023-05-12T14:47:50.851000Z,2023-05-15T16:19:11.134000,2023-05-12T14:47:52.515862Z,1697,NOCODE,648,English,23,Female,Black,United States,United States,United States,English,DATA_EXPIRED,Part-Time
645e4b2d161dea0a212b52ae,5e7146ee69a3f1061774803b,APPROVED,2023-05-12T14:21:00.283000Z,2023-05-12T14:45:51.803000Z,2023-05-12T14:45:52.918000,2023-05-12T14:45:52.788454Z,1492,C3E2LD8X,2332,English,52,Female,Asian,United States,United States,United States,English,No,Full-Time
645e4b3dc0ab9ab69d817075,5fb9b9c1c62f408e51e09e32,APPROVED,2023-05-12T14:20:53.472000Z,2023-05-12T15:08:28.894000Z,2023-05-15T16:18:45.450000,2023-05-12T15:08:29.757935Z,2856,NOCODE,3773,English,69,Female,White,United States,United States,United States,English,No,Part-Time
645e4b810e4d57b89895b17f,5e2d96d3bc554937d1b3917a,APPROVED,2023-05-12T14:21:56.493000Z,2023-05-12T15:00:14.138000Z,2023-05-15T16:18:21.198000,2023-05-12T15:00:16.058405Z,2298,NOCODE,3548,English,65,Male,White,United States,United States,United States,English,DATA_EXPIRED,DATA_EXPIRED
645e4c0d814ec1d122d5933c,56802e5fc5767f00121cc6a0,APPROVED,2023-05-12T14:24:57.246000Z,2023-05-12T14:56:48.520000Z,2023-05-12T14:56:50.364000Z,2023-05-12T14:56:50.795189Z,1912,CJ5RNK30,2135,English,65,Male,White,United States,United States,United States,English,No,Part-Time
645e4c2d70a45f09ca1c0d5e,5e13542bc12a3699bbdc8753,APPROVED,2023-05-12T14:24:49.836000Z,2023-05-12T14:45:27.651000Z,2023-05-12T14:45:28.504000,2023-05-12T14:45:28.371054Z,1238,CJ5RNK30,1032,"French, English",64,Female,White,United States,United States,United States,English,No,Part-Time
645e4c32876c590c2b0d60ec,60abdc82ec2d1e548b986424,APPROVED,2023-05-12T14:24:53.633000Z,2023-05-12T14:46:07.313000Z,2023-05-15T16:17:56.640000,2023-05-12T14:46:08.917680Z,1274,NOCODE,2013,English,60,Male,White,United States,United States,United States,English,No,Full-Time
645e4d5b96f491c6a3d59319,6234dbba467fabd56fa59e1a,APPROVED,2023-05-12T14:29:56.644000Z,2023-05-12T14:50:59.099000Z,2023-05-12T14:50:59.914000,2023-05-12T14:50:59.791527Z,1263,CJ5RNK30,827,English,54,Male,White,United States,United States,United States,English,No,Full-Time
645e4dc184ddac3ad58fff00,5c79608452e62f00169b1fe6,APPROVED,2023-05-12T14:31:34.117000Z,2023-05-12T14:51:38.492000Z,2023-05-12T14:51:39.853000,2023-05-12T14:51:39.735947Z,1205,CJ5RNK30,2768,English,50,Male,White,United States,United States,United States,English,DATA_EXPIRED,Full-Time
645e4e084b7e616493600b5e,6081ca47eeed1bb51c1d7f7b,APPROVED,2023-05-12T14:32:46.517000Z,2023-05-12T14:56:31.245000Z,2023-05-12T14:56:32.143000,2023-05-12T14:56:32.020794Z,1425,CJ5RNK30,1866,English,63,Male,White,United States,United States,United States,English,No,Part-Time
645e4e165558c3c42d1e7e43,63c0e1b1ee5ca75f61e3b2e1,APPROVED,2023-05-12T14:33:00.082000Z,2023-05-12T14:50:54.772000Z,2023-05-12T14:50:56.368000,2023-05-12T14:50:56.244556Z,1075,CJ5RNK30,607,English,59,Male,White,United States,United States,United States,English,No,Full-Time
645e4e5359721ae9a813b583,637d4793730be3ac44f5a4a5,APPROVED,2023-05-12T14:34:04.129000Z,2023-05-12T14:59:36.598000Z,2023-05-12T14:59:39.621000,2023-05-12T14:59:39.484260Z,1533,CJ5RNK30,386,English,48,Male,White,United States,United States,United States,English,Yes,Full-Time
645e4e694d9c9437b6882ab3,60d7558fd3a01169626ae963,APPROVED,2023-05-12T14:40:14.200000Z,2023-05-12T15:04:11.032000Z,2023-05-12T15:04:12.306000,2023-05-12T15:04:12.172492Z,1437,CJ5RNK30,2491,English,58,Female,White,United States,United States,United States,English,No,Full-Time
645e4ebecdaefaa8e6a4d6fa,5f5eb22e58c9fb7782a6e90c,APPROVED,2023-05-12T14:35:50.878000Z,2023-05-12T15:06:11.553000Z,2023-05-12T15:06:13.416000,2023-05-12T15:06:13.289758Z,1821,C3E2LD8X,1833,English,57,Male,White,United States,United States,United States,English,No,Unemployed (and job seeking)
645e4ed6c21c7cdabcadbe9b,5ddae85b393bd3a44d7cbaaa,APPROVED,2023-05-12T14:36:20.428000Z,2023-05-12T15:04:12.162000Z,2023-05-15T16:17:14.055000,2023-05-12T15:04:13.954289Z,1672,NOCODE,3314,English,41,Female,Other,United States,United States,United States,English,DATA_EXPIRED,DATA_EXPIRED
645e4f0ea7ffd35b8e9d40c0,62b35a7d9d9cd966ebcf3ef8,APPROVED,2023-05-12T14:37:16.201000Z,2023-05-12T15:05:04.596000Z,2023-05-15T16:16:24.030000,2023-05-12T15:05:06.078096Z,1669,NOCODE,1647,English,61,Female,White,United States Minor Outlying Islands,United States,United States,English,No,Part-Time
645e4f2594349b81f96e59cc,600319e3a3b1a337cab57a3e,APPROVED,2023-05-12T14:37:30.792000Z,2023-05-12T15:08:08.394000Z,2023-05-12T15:08:10.159000,2023-05-12T15:08:10.025747Z,1838,C1ISGV6W,1110,English,64,Female,White,United States,United States,United States,English,No,DATA_EXPIRED
645e4f29c83141d975c27c0e,640cd020656929eeb856a443,APPROVED,2023-05-12T14:38:24.668000Z,2023-05-12T15:50:21.523000Z,2023-05-15T15:50:01.237000,2023-05-12T15:50:34.264090Z,4317,NOCODE,220,English,62,Male,Black,United States,United States,United States,English,Yes,Full-Time
645e4f2bee2a6a2a2cd5930c,5fb16308dc5973607fa3041c,APPROVED,2023-05-12T14:37:43.896000Z,2023-05-12T15:04:39.495000Z,2023-05-12T15:04:41.755000,2023-05-12T15:04:40.276313Z,1616,CJ5RNK30,2967,English,59,Female,White,United States,United States,United States,English,No,"Not in paid work (e.g. homemaker', 'retired or disabled)"
645e4fcc9110525c2a1e7e29,614fca8245a450546842e487,APPROVED,2023-05-12T14:40:28.632000Z,2023-05-12T15:19:16.027000Z,2023-05-15T15:47:08.612000,2023-05-12T15:19:16.821289Z,2328,NOCODE,2615,English,62,Female,White,United States,United States,United States,English,No,Part-Time
645e4fe47939ea11b028e65f,55aeaeb3fdf99b5c769f1f7c,APPROVED,2023-05-12T14:40:42.805000Z,2023-05-12T15:05:46.689000Z,2023-05-12T15:05:47.962000,2023-05-12T15:05:47.835334Z,1504,C1ISGV6W,5523,English,60,Male,White,United States,United States,United States,English,DATA_EXPIRED,DATA_EXPIRED
645e503c5e11e78b56ec05a7,639dc966f953a42bc397c24b,APPROVED,2023-05-12T14:45:02.501000Z,2023-05-12T15:28:21.290000Z,2023-05-15T15:49:24.174000,2023-05-12T15:28:26.068893Z,2599,C5GBC03R,748,English,75,Male,White,DATA_EXPIRED,United States,United States,English,DATA_EXPIRED,Part-Time
645e5081df0c2f4d891f60fd,64270a5159f257ca7fb39155,APPROVED,2023-05-12T14:43:19.655000Z,2023-05-12T15:19:49.814000Z,2023-05-15T15:46:32.118000,2023-05-12T15:19:50.849046Z,2191,NOCODE,206,English,62,Male,White,United States,United States,United States,English,No,Full-Time
645e50dbfab53985e0be4ccf,639e0331bc3cc615f5a3dd89,APPROVED,2023-05-12T14:44:53.056000Z,2023-05-12T15:16:43.043000Z,2023-05-12T15:16:49.334000,2023-05-12T15:16:46.068498Z,1910,C3E2LD8X,878,English,56,Male,White,United States,United States,United States,English,No,Unemployed (and job seeking)
645e50e5a3a4b5cc7102c89f,5a0efb83ab721b0001ef8509,APPROVED,2023-05-12T14:45:05.509000Z,2023-05-12T15:10:06.252000Z,2023-05-12T15:10:07.418000,2023-05-12T15:10:07.298056Z,1501,C1ISGV6W,2823,English,68,Male,White,United States,United States,United States,English,No,"Not in paid work (e.g. homemaker', 'retired or disabled)"
645e50fcb57b395426c27be8,55b9a9b0fdf99b6906d2aba4,APPROVED,2023-05-12T14:45:21.154000Z,2023-05-12T15:22:40.405000Z,2023-05-15T15:48:57.870000,2023-05-12T15:22:41.085397Z,2240,NOCODE,6156,English,67,Male,White,United States,United States,United States,English,No,"Not in paid work (e.g. homemaker', 'retired or disabled)"
645e51131b9902d23d313e8a,644f255ec4f58fe559261911,APPROVED,2023-05-12T14:45:48.201000Z,2023-05-12T15:15:11.463000Z,2023-05-12T15:15:12.333000,2023-05-12T15:15:12.208161Z,1764,C1ISGV6W,78,English,64,Male,White,United States,United States,United States,English,No,"Not in paid work (e.g. homemaker', 'retired or disabled)"
645e5115efae661acf11844a,6134d9cf96a9c6192e24866d,APPROVED,2023-05-12T14:46:34.148000Z,2023-05-12T15:07:50.338000Z,2023-05-12T15:07:51.771000,2023-05-12T15:07:51.643052Z,1277,C3E2LD8X,402,English,62,Female,White,United States,United States,United States,English,DATA_EXPIRED,DATA_EXPIRED
645e515725e70f1d6527940c,5deb638bff7f7126d6fb5142,APPROVED,2023-05-12T14:47:15.316000Z,2023-05-12T15:16:06.632000Z,2023-05-12T15:16:07.672000,2023-05-12T15:16:07.521255Z,1732,C3E2LD8X,2499,English,48,Male,White,United States,United States,United States,English,No,Full-Time
645e515d3d2fc64775ed0a94,5c239f96da51990001e21d97,APPROVED,2023-05-12T14:47:05.484000Z,2023-05-12T15:21:27.125000Z,2023-05-12T15:21:27.919000,2023-05-12T15:21:27.799292Z,2062,C3E2LD8X,2868,English,76,Male,White,United States,United States,United States,English,No,"Not in paid work (e.g. homemaker', 'retired or disabled)"
645e516df3ee7086d8100416,61fa94015719bc09cb834e2e,AWAITING REVIEW,2023-05-12T14:49:15.678000Z,2023-05-12T15:12:34.265000Z,,2023-05-12T15:12:35.401444Z,1399,NOCODE,1837,English,50,Male,White,United States,United States,United States,English,No,"Not in paid work (e.g. homemaker', 'retired or disabled)"
645e51946a96ea99f1430ff9,62897d2024f826ea90b7efa1,APPROVED,2023-05-12T14:47:48.156000Z,2023-05-12T15:10:17.574000Z,2023-05-12T15:10:19.032000,2023-05-12T15:10:18.903854Z,1350,CJ5RNK30,2182,English,69,Female,White,United States,United States,United States,English,No,Part-Time
645e51976a066a1336e9e617,64301757c18367c5ec9582fd,APPROVED,2023-05-12T14:47:56.479000Z,2023-05-12T15:15:55.667000Z,2023-05-12T15:15:58.780000,2023-05-12T15:15:57.345487Z,1680,C1ISGV6W,150,English,58,Male,Asian,United States,United States,United States,English,No,"Not in paid work (e.g. homemaker', 'retired or disabled)"
645e51b845b9c174aa28e650,5c365b5e8821900001b3876c,APPROVED,2023-05-12T14:48:34.495000Z,2023-05-12T15:09:27.647000Z,2023-05-12T15:09:29.180000,2023-05-12T15:09:29.055304Z,1254,C1ISGV6W,4126,English,62,Female,White,United States,United States,United States,English,No,"Not in paid work (e.g. homemaker', 'retired or disabled)"
645e51bcd83dc578c58fff10,5bf4afe0b8e9f800014c9c0b,APPROVED,2023-05-12T14:48:46.341000Z,2023-05-12T15:07:52.486000Z,2023-05-12T15:07:53.467000,2023-05-12T15:07:53.341305Z,1147,C1ISGV6W,4043,English,48,Male,White,United States,United States,United States,English,DATA_EXPIRED,DATA_EXPIRED
645e51c105ed585902006c76,5de5538f8fde1c4dbc951498,APPROVED,2023-05-12T14:49:26.469000Z,2023-05-12T15:20:33.567000Z,2023-05-12T15:20:36.529000,2023-05-12T15:20:36.403735Z,1868,CJ5RNK30,4270,English,62,Female,White,United States,United States,United States,English,No,"Not in paid work (e.g. homemaker', 'retired or disabled)"
645e51d62de07998a2b17da4,645b459067ce8797bc7b4513,APPROVED,2023-05-12T14:49:14.603000Z,2023-05-12T16:25:48.668000Z,2023-05-15T15:45:39.923000,2023-05-12T16:25:58.536560Z,5795,NOCODE,7,English,59,Female,Black,Nigeria,United States,United States,English,No,Full-Time
645e520e6b03ba529761f3ef,58a2952076c5b7000166150a,APPROVED,2023-05-12T14:49:57.053000Z,2023-05-12T15:20:42.972000Z,2023-05-12T15:20:43.910000,2023-05-12T15:20:43.762603Z,1846,C1ISGV6W,3085,English,66,Female,White,United States,United States,United States,English,No,DATA_EXPIRED
645e5229e35aad7096313e5e,62f269f2a7751126ffb96a4c,APPROVED,2023-05-12T14:50:21.728000Z,2023-05-12T15:13:48.555000Z,2023-05-12T15:13:52.247000,2023-05-12T15:13:49.283735Z,1407,CJ5RNK30,880,English,60,Female,White,United States,United States,United States,English,No,DATA_EXPIRED
645e526947a0b80d3bda5503,5f3f5ad05ec7d1257993b196,APPROVED,2023-05-12T14:51:21.264000Z,2023-05-12T15:22:47.117000Z,2023-05-12T15:22:48.869000,2023-05-12T15:22:48.736733Z,1886,CJ5RNK30,2449,English,58,Female,Black,United States,United States,United States,English,No,Full-Time
645e52977eeda6906ff78b11,56c8915edfea6c000cb29c98,APPROVED,2023-05-12T14:52:13.052000Z,2023-05-12T15:17:41.159000Z,2023-05-12T15:17:45.328000,2023-05-12T15:17:45.244388Z,1529,CJ5RNK30,4443,English,42,Female,Asian,United States,United States,United States,English,DATA_EXPIRED,DATA_EXPIRED
645e52bbe70b6b5c8f698bff,63b4a880e615d21a58306118,APPROVED,2023-05-12T14:52:49.324000Z,2023-05-12T15:26:02.633000Z,2023-05-12T15:26:03.447000,2023-05-12T15:26:03.329848Z,1994,CJ5RNK30,703,English,66,Male,White,United States,United States,United States,English,No,Other
645e52cff8987db85553f3d9,633da98587a07a61250574d4,APPROVED,2023-05-12T14:53:12.180000Z,2023-05-12T15:20:07.760000Z,2023-05-12T15:20:08.668000,2023-05-12T15:20:08.524819Z,1616,C1ISGV6W,1201,English,66,Male,White,United States,United States,United States,English,DATA_EXPIRED,DATA_EXPIRED
645e52fda071343a96e9e610,636694f5d3b82c1a8279cf72,APPROVED,2023-05-12T14:53:58.406000Z,2023-05-12T15:20:38.150000Z,2023-05-12T15:20:39.388000,2023-05-12T15:20:39.261486Z,1600,CJ5RNK30,681,English,70,Female,White,United States,United States,United States,English,DATA_EXPIRED,DATA_EXPIRED
645e53017f9472cca6d7d347,5ebe015ae70ab70008895dbd,APPROVED,2023-05-12T14:53:59.169000Z,2023-05-12T15:17:44.673000Z,2023-05-12T15:17:46.369000,2023-05-12T15:17:46.222198Z,1426,CJ5RNK30,3329,English,60,Male,Black,Trinidad and Tobago,United States,United States,English,No,Full-Time
645e530e4993625e85d78506,5e2b74daae56b71b9d24d89b,APPROVED,2023-05-12T14:54:06.595000Z,2023-05-12T15:48:19.607000Z,2023-05-12T15:48:23.966000,2023-05-12T15:48:23.834780Z,3254,CJ5RNK30,4776,English,67,Female,White,Japan,United States,United States,English,DATA_EXPIRED,Part-Time
645e534d5cfa7ce57671be0c,5d6d26703fb106001bed4b6c,APPROVED,2023-05-12T14:55:13.922000Z,2023-05-12T15:26:18.960000Z,2023-05-12T15:26:20.668000,2023-05-12T15:26:20.552478Z,1866,C1ISGV6W,2998,English,61,Female,White,United States,United States,United States,English,No,Full-Time
645e536ddd0ebe79efb16a39,5e16c978783225c8108ef055,APPROVED,2023-05-12T14:59:58.493000Z,2023-05-12T15:24:28.625000Z,2023-05-12T15:24:29.627000,2023-05-12T15:24:29.504692Z,1471,C3E2LD8X,2959,English,61,Male,White,United States,United States,United States,English,No,Full-Time
645e53947e9c4775f7d7b903,6389301d2575b8e4c1e7cc5c,APPROVED,2023-05-12T14:56:20.726000Z,2023-05-12T15:29:53.077000Z,2023-05-12T15:29:53.962000Z,2023-05-12T15:29:55.993404Z,2013,C1ISGV6W,820,English,63,Female,Black,United States,United States,United States,English,No,"Not in paid work (e.g. homemaker', 'retired or disabled)"
645e53a81b1fdef4e6006c7c,5ec5a705a9b68d5f1f482ce5,APPROVED,2023-05-12T15:00:11.095000Z,2023-05-12T15:19:16.674000Z,2023-05-12T15:19:18.264000,2023-05-12T15:19:18.095596Z,1146,CJ5RNK30,1146,English,43,Female,Asian,United States,United States,United States,English,No,"Not in paid work (e.g. homemaker', 'retired or disabled)"
645e53f28bdaa62494ef9871,5c78e07f9eabe400126d40be,APPROVED,2023-05-12T14:57:58.635000Z,2023-05-12T15:56:26.098000Z,2023-05-15T15:48:21.492000,2023-05-12T15:56:26.847046Z,3508,NOCODE,1060,English,62,Male,White,United Kingdom,United States,United States,English,DATA_EXPIRED,DATA_EXPIRED
645e53feae055e89f92b52eb,63cbfaf6ab54f6b8d8a054d7,APPROVED,2023-05-12T14:58:13.386000Z,2023-05-12T15:22:56.249000Z,2023-05-15T15:47:42.948000,2023-05-12T15:22:57.742242Z,1483,NOCODE,568,English,58,Female,White,United States,United States,United States,English,No,Other
645e542a1a839d7a7cd59336,6365b83b80397324720dc562,APPROVED,2023-05-12T14:59:00.438000Z,2023-05-12T15:30:15.448000Z,2023-05-15T15:44:50.546000,2023-05-12T15:30:16.553513Z,1876,NOCODE,1186,English,60,Female,White,United States,United States,United States,English,DATA_EXPIRED,DATA_EXPIRED
645e545f4993625e85d7853f,561d98e03d7fe8000b0f5e09,RETURNED,2023-05-12T15:00:04.018000Z,2023-05-12T15:33:59.219000Z,,2023-05-12T15:34:00.673000Z,,NOCODE,4934,CONSENT_REVOKED,CONSENT_REVOKED,CONSENT_REVOKED,CONSENT_REVOKED,CONSENT_REVOKED,CONSENT_REVOKED,CONSENT_REVOKED,CONSENT_REVOKED,CONSENT_REVOKED,CONSENT_REVOKED
645e5467e274d9faf5882a97,5c0fcccc1f6f150001487111,APPROVED,2023-05-12T15:01:01.508000Z,2023-05-12T15:22:59.908000Z,2023-05-12T15:23:02.386000,2023-05-12T15:23:02.280931Z,1319,CJ5RNK30,4887,English,59,Female,White,United States,United States,United States,English,No,"Not in paid work (e.g. homemaker', 'retired or disabled)"
645e5474c68542d26ce988e6,607ddc576718114dea38841c,APPROVED,2023-05-12T15:00:20.095000Z,2023-05-12T15:31:34.096000Z,2023-05-15T15:57:40.033000,2023-05-12T15:31:35.582898Z,1875,NOCODE,2850,English,58,Female,White,United States,United States,United States,English,No,Full-Time
645e5477423e618382882ad1,5ed559e5afbd830e2117ed55,APPROVED,2023-05-12T15:00:10.747000Z,2023-05-12T15:40:53.103000Z,2023-05-12T15:40:54.351000,2023-05-12T15:40:54.303434Z,2443,C3E2LD8X,4965,English,62,Male,White,United States,United States,United States,English,No,Full-Time
645e547988abf1629078744b,608c451be10e84b9fc005f3e,APPROVED,2023-05-12T15:00:19.238000Z,2023-05-12T15:40:26.203000Z,2023-05-12T15:40:28.890000Z,2023-05-12T15:40:31.509150Z,2407,C3E2LD8X,3922,English,72,Female,Black,United States,United States,United States,English,No,Part-Time
645e54905038562731698c04,5cb34fdb9a26a300017302d8,APPROVED,2023-05-12T15:00:38.536000Z,2023-05-12T15:23:36.795000Z,2023-05-12T15:23:38.308000,2023-05-12T15:23:38.188271Z,1379,C1ISGV6W,1705,English,76,Female,White,United Kingdom,United States,United States,English,No,Part-Time
645e5496a077ac3247d162cc,5bca53970f10750001d75a8d,APPROVED,2023-05-12T15:00:42.427000Z,2023-05-12T15:12:50.405000Z,2023-05-12T15:12:53.598000,2023-05-12T15:12:53.459682Z,728,CJ5RNK30,118,"English, Telugu",52,Female,Asian,India,United States,United States,Telugu,No,Full-Time
645ea4bbc9f7b45850778ea1,5ae8d6d79b283d00017ed289,AWAITING REVIEW,2023-05-12T20:43:20.368000Z,2023-05-12T21:12:37.622000Z,,2023-05-12T21:12:39.961951Z,1758,NOCODE,243,English,49,Male,White,United States,United States,United States,English,No,Full-Time
645ea908eb314efd0d733006,63d83ae132a2e28694dd8431,APPROVED,2023-05-12T21:01:04.401000Z,2023-05-12T21:24:48.933000Z,2023-05-12T21:24:50.323000,2023-05-12T21:24:50.202076Z,1425,C3E2LD8X,361,English,50,Female,Other,United States,United States,United States,English,No,Unemployed (and job seeking)
645eaf63e7b0fb04b4d32c22,5c1061cc7f73e20001186615,APPROVED,2023-05-12T21:29:39.362000Z,2023-05-12T21:50:51.281000Z,2023-05-12T21:51:03.016000Z,2023-05-12T21:51:07.404705Z,1272,C3E2LD8X,1271,"English, Korean, Spanish",29,Female,Asian,United States,United States,United States,Vietnamese,No,Full-Time
645eb0aa7dc4ab2754a16a93,615914a33224dc31f1045612,APPROVED,2023-05-12T21:33:38.029000Z,2023-05-12T22:00:50.094000Z,2023-05-12T22:00:50.856000,2023-05-12T22:00:50.731812Z,1633,C3E2LD8X,1517,English,62,Male,White,United States,United States,United States,English,No,Full-Time
645eb0e25322f8cb60698c01,5e5ae01d75f13d2efe7db45e,APPROVED,2023-05-12T21:34:34.680000Z,2023-05-12T22:12:46.637000Z,2023-05-15T15:53:18.268000,2023-05-12T22:12:49.042108Z,2292,NOCODE,1833,English,74,Male,White,United States,United States,United States,English,DATA_EXPIRED,DATA_EXPIRED
645eb13b1d1e0dad119d40ba,5f24993238b9f80892adf099,APPROVED,2023-05-12T21:36:38.406000Z,2023-05-12T21:51:09.859000Z,2023-05-12T21:51:20.672000Z,2023-05-12T21:51:36.465553Z,872,C3E2LD8X,485,"English, Punjabi",33,Female,Asian,United States,United States,United States,English,No,DATA_EXPIRED
645eb17a364118e7660f66fa,62d3864d8929960c0bd35335,APPROVED,2023-05-12T21:37:01.502000Z,2023-05-12T21:57:51.451000Z,2023-05-15T15:52:54.136000,2023-05-12T21:57:52.702422Z,1250,NOCODE,1562,English,58,Male,White,United States,United States,United States,English,No,Full-Time
645eb22eff5ed6fc6c27943d,5c330cefca23620001b262b1,APPROVED,2023-05-12T21:40:24.157000Z,2023-05-12T22:10:01.936000Z,2023-05-12T22:10:02.741000,2023-05-12T22:10:02.617165Z,1778,CJ5RNK30,3881,English,58,Female,Black,United States,United States,United States,English,DATA_EXPIRED,DATA_EXPIRED
645eb31fd072118e33ba0781,5c92870723bd7e001870138e,APPROVED,2023-05-12T21:44:16.795000Z,2023-05-12T22:19:43.560000Z,2023-05-15T15:52:26.144000,2023-05-12T22:19:46.062185Z,2127,NOCODE,4248,English,79,Male,White,United States,United States,United States,English,No,"Not in paid work (e.g. homemaker', 'retired or disabled)"
645eb4395d1d2325099e7e1a,595bee9282be5500017ad683,APPROVED,2023-05-12T21:48:45.527000Z,2023-05-12T22:28:50.428000Z,2023-05-12T22:28:53.329000Z,2023-05-12T22:28:53.592280Z,2405,C1ISGV6W,1306,"French, English",65,Male,White,United States,United States,United States,English,No,DATA_EXPIRED
645eb4fe34a9b1defb02c8b6,5b6f49b7d60bdd0001ade437,APPROVED,2023-05-12T21:52:04.133000Z,2023-05-12T22:12:05.970000Z,2023-05-12T22:12:08.032000,2023-05-12T22:12:08.099730Z,1202,C3E2LD8X,4862,English,67,Male,White,United States,United States,United States,English,No,Part-Time
645eb649b1a0cb2cd020d05a,5b233660648d5b0001b7de87,APPROVED,2023-05-12T21:57:45.290000Z,2023-05-12T22:40:21.847000Z,2023-05-12T22:40:25.041000,2023-05-12T22:40:24.926215Z,2557,C3E2LD8X,4612,English,69,Male,White,United States,United States,United States,English,DATA_EXPIRED,Full-Time
645eb77fcd828a638ff0553a,55b47001fdf99b615b12d66c,APPROVED,2023-05-12T22:02:55.502000Z,2023-05-12T22:50:28.699000Z,2023-05-12T22:50:29.575000,2023-05-12T22:50:29.465374Z,2854,CJ5RNK30,2485,English,63,Male,White,United States,United States,United States,English,DATA_EXPIRED,DATA_EXPIRED
645eb8bbf62c48d55663ec4d,63eb13f36c0fe9ba20d45234,APPROVED,2023-05-12T22:08:00.706000Z,2023-05-12T22:50:03.805000Z,2023-05-15T15:52:13.911000,2023-05-12T22:50:04.547213Z,2524,NOCODE,456,English,58,Male,White,United States,United States,United States,English,No,"Not in paid work (e.g. homemaker', 'retired or disabled)"
645ebb2e07d16a594920d083,608f2bae0ee0a74455533e4c,APPROVED,2023-05-12T22:18:34.139000Z,2023-05-12T22:47:39.371000Z,2023-05-12T22:47:42.061000Z,2023-05-12T22:47:42.510870Z,1746,CJ5RNK30,2500,English,59,Female,Asian,United States,United States,United States,English,No,"Not in paid work (e.g. homemaker', 'retired or disabled)"
645ebbc2f3fe7027da63ec49,629d16db307da2e64ea7b1e7,APPROVED,2023-05-12T22:22:55.761000Z,2023-05-12T22:47:22.802000Z,2023-05-12T22:47:25.941000,2023-05-12T22:47:25.792291Z,1468,CJ5RNK30,1931,English,64,Female,Asian,United States,United States,United States,English,No,Full-Time
645ebbe17c5ce4ab90080851,57d0badf28d5250001bdd9d2,APPROVED,2023-05-12T22:27:34.015000Z,2023-05-12T22:55:22.342000Z,2023-05-12T22:55:24.735000,2023-05-12T22:55:24.620335Z,1669,C3E2LD8X,2953,English,31,Female,Other,United States,United States,United States,English,No,Full-Time
645ebf97c1177c55d4d67cec,63eb78a1fc614fd7af392873,APPROVED,2023-05-12T22:37:11.302000Z,2023-05-12T23:02:46.093000Z,2023-05-12T23:02:47.699000,2023-05-12T23:02:47.585974Z,1535,C3E2LD8X,667,"Bengali, English, Hindi",58,Male,Asian,Bangladesh,United States,United States,English,No,Full-Time
645ebfbd4611c10b83d7d2f2,59e62b6277860e0001512e14,APPROVED,2023-05-12T22:37:57.407000Z,2023-05-12T23:14:16.183000Z,2023-05-12T23:14:16.910000,2023-05-12T23:14:16.805763Z,2179,CJ5RNK30,3982,"English, French, Spanish",69,Male,Mixed,Cuba,United States,United States,English,DATA_EXPIRED,DATA_EXPIRED
645ec5ac6a79d3b341801d75,62ff26509176c97c9ceebc2b,APPROVED,2023-05-12T23:03:23.287000Z,2023-05-12T23:30:14Z,2023-05-12T23:30:14.822000,2023-05-12T23:30:14.708142Z,1611,CJ5RNK30,679,English,61,Male,Black,United States,United States,United States,English,No,Full-Time
6463f198d5d74bb44d805bf5,5eb087ed7f6d1e1232690d6a,APPROVED,2023-05-16T21:12:05.352000Z,2023-05-16T21:41:12.796000Z,2023-05-16T21:41:17.650000,2023-05-16T21:41:17.549680Z,1748,CJ5RNK30,1771,English,62,Female,White,United States,United States,United States,English,No,"Not in paid work (e.g. homemaker', 'retired or disabled)"
64698469c85e1730ec1f35ba,63b7992d848592c307fe1e49,AWAITING REVIEW,2023-05-21T02:41:18.124000Z,2023-05-21T03:01:32.142000Z,,2023-05-21T03:01:34.634476Z,1215,NOCODE,1173,"English, Russian",59,Female,Other,Russian Federation,United States,United States,English,No,Full-Time
